SET SEARCH_PATH TO GREENCOIN;
--Regulator
INSERT INTO Regulator VALUES
('Rg0001', 'Aarav Sharma', '9876543210', 'aarav.sharma@envindia.gov.in', 'Pollution Control (State)', 'Maharashtra', 'Central Government'),
('Rg0002', 'Diya Mehta', '8765432109', 'diya.mehta@finance.in', 'Green Banking & Sustainable Finance (India)', 'Delhi', 'Central Government'),
('Rg0003', 'Rohan Verma', '9123456780', 'rohan.verma@stateenv.gov.in', 'Pollution Control (State)', 'Karnataka', 'State Government'),
('Rg0004', 'Ishita Nair', '9012345678', 'ishita.nair@climate.org', 'Climate Policy & Forest Conservation (India)', 'Tamil Nadu', 'Central Government'),
('Rg0005', 'Kabir Rao', '9234567890', 'kabir.rao@energy.in', 'Energy Efficiency Regulation (India)', 'Gujarat', 'Central Government'),
('Rg0006', 'Meera Joshi', '9345678901', 'meera.joshi@carbon.gov.in', 'Carbon Market Oversight (India)', 'Madhya Pradesh', 'Central Government'),
('Rg0007', 'Nikhil Singh', '9456789012', 'nikhil.singh@pollution.gov.in', 'Pollution Control (State)', 'West Bengal', 'State Government'),
('Rg0008', 'Ananya Kapoor', '9567890123', 'ananya.kapoor@esg.org.in', 'Green Securities & ESG Bonds (India)', 'Punjab', 'Central Government'),
('Rg0009', 'Yash Desai', '9678901234', 'yash.desai@sfinance.in', 'Green Banking & Sustainable Finance (India)', 'Haryana', 'Semi Government'),
('Rg0010', 'Sanya Reddy', '9789012345', 'sanya.reddy@forest.gov.in', 'Climate Policy & Forest Conservation (India)', 'Kerala', 'State Government'),
('Rg0011', 'Dev Patel', '9890123456', 'dev.patel@energy.gov.in', 'Energy Efficiency Regulation (India)', 'Rajasthan', 'Semi Government'),
('Rg0012', 'Riya Jain', '9001234567', 'riya.jain@envindia.gov.in', 'Environmental Compliance (India)', 'Andhra Pradesh', 'Central Government'),
('Rg0013', 'Arjun Malhotra', '9112345678', 'arjun.malhotra@growth.gov.in', 'Green Securities & ESG Bonds (India)', 'Telangana', 'Semi Government'),
('Rg0014', 'Tanya Das', '9223456789', 'tanya.das@climateindia.org', 'Climate Policy & Forest Conservation (India)', 'Odisha', 'Central Government'),
('Rg0015', 'Veer Khanna', '9334567890', 'veer.khanna@carbon.in', 'Carbon Market Oversight (India)', 'Bihar', 'State Government'),
('Rg0016', 'Priya Sinha', '9445678901', 'priya.sinha@green.in', 'Pollution Control (State)', 'Chhattisgarh', 'State Government'),
('Rg0017', 'Rahul Iyer', '9556789012', 'rahul.iyer@renewable.in', 'Energy Efficiency Regulation (India)', 'Assam', 'Central Government'),
('Rg0018', 'Sneha Gupta', '9667890123', 'sneha.gupta@investment.org', 'Green Banking & Sustainable Finance (India)', 'Jharkhand', 'Semi Government'),
('Rg0019', 'Karan Choudhary', '9778901234', 'karan.choudhary@eco.org.in', 'Green Securities & ESG Bonds (India)', 'Uttar Pradesh', 'Central Government'),
('Rg0020', 'Nisha Kulkarni', '9889012345', 'nisha.kulkarni@envsurv.gov.in', 'Environmental Compliance (India)', 'Goa', 'Central Government');

-- GovernmentPolicy
INSERT INTO GovernmentPolicy VALUES
('G00001', 'National Clean Air Programme', 'A policy framework to reduce air pollution by 20-30% in major cities by 2024.', '2019-01-01', '2023-11-20', 'Ministry of Environment, Forest and Climate Change'),
('G00002', 'Renewable Energy Mission', 'Promotes solar, wind, and other renewable energy sources with incentives and subsidies.', '2015-06-15', '2022-12-01', 'Ministry of New and Renewable Energy'),
('G00003', 'Plastic Waste Management Rules', 'Regulates plastic waste generation, promotes recycling, and bans single-use plastics.', '2016-03-18', '2023-04-10', 'Central Pollution Control Board'),
('G00004', 'Carbon Credit Trading Scheme', 'Enables trading of carbon credits among industries to promote emissions reduction.', '2020-10-01', '2024-01-15', 'Ministry of Environment, Forest and Climate Change'),
('G00005', 'Green Tax Policy', 'Imposes additional tax on older, polluting vehicles to promote cleaner alternatives.', '2017-09-01', '2023-05-18', 'Ministry of Road Transport and Highways'),
('G00006', 'Sustainable Finance Policy', 'Encourages banks to fund environmentally sustainable projects through green loans.', '2021-02-20', '2024-02-01', 'Reserve Bank of India'),
('G00007', 'Forest Conservation Act Amendment', 'Strengthens forest protection and biodiversity conservation measures.', '2018-07-10', '2023-09-30', 'Ministry of Environment, Forest and Climate Change'),
('G00008', 'National Electric Mobility Mission', 'Supports adoption of EVs by providing incentives, infrastructure, and subsidies.', '2013-04-01', '2022-06-12', 'Ministry of Heavy Industries'),
('G00009', 'Energy Efficiency Code for Buildings', 'Establishes minimum efficiency standards for commercial building designs.', '2017-12-01', '2023-07-11', 'Bureau of Energy Efficiency'),
('G00010', 'Extended Producer Responsibility Policy', 'Mandates manufacturers to manage the recycling of their products post-consumption.', '2016-05-12', '2022-11-03', 'Ministry of Environment, Forest and Climate Change'),
('G00011', 'Zero Liquid Discharge Policy', 'Requires industries to treat and reuse wastewater, preventing discharge into water bodies.', '2019-08-22', '2023-10-15', 'Central Pollution Control Board'),
('G00012', 'Climate Resilience Cities Policy', 'Aims to enhance urban planning and infrastructure to withstand climate shocks.', '2020-03-15', '2024-03-05', 'Ministry of Housing and Urban Affairs'),
('G00013', 'National Bio-Energy Policy', 'Promotes the use of bio-energy from agricultural and organic waste.', '2019-06-01', '2023-02-28', 'Ministry of New and Renewable Energy'),
('G00014', 'Air Quality Index Regulation', 'Defines air quality metrics and reporting procedures for transparency.', '2018-01-10', '2022-10-10', 'Central Pollution Control Board'),
('G00015', 'Sustainable Mining Framework', 'Regulates mining operations to ensure ecological and social sustainability.', '2017-04-25', '2023-01-20', 'Ministry of Mines'),
('G00016', 'Green Bonds Issuance Policy', 'Guidelines for issuing bonds for environmentally friendly projects.', '2021-08-12', '2024-01-01', 'Securities and Exchange Board of India'),
('G00017', 'National Water Policy (Rev 2020)', 'Updates frameworks for water resource management and conservation.', '2020-05-01', '2023-03-03', 'Ministry of Jal Shakti'),
('G00018', 'Battery Waste Management Rules', 'Regulates safe disposal and recycling of used batteries.', '2022-01-18', '2024-01-20', 'Ministry of Environment, Forest and Climate Change'),
('G00019', 'Clean Cooking Energy Initiative', 'Promotes LPG and electric stoves in rural areas for health and environmental benefits.', '2016-09-15', '2022-12-05', 'Ministry of Petroleum and Natural Gas'),
('G00020', 'Urban Waste Management Policy', 'Establishes protocols for solid waste segregation and scientific disposal.', '2015-11-10', '2023-08-19', 'Ministry of Housing and Urban Affairs'),
('G00021', 'Sustainable Agriculture Policy', 'Incentivizes organic farming and reduced pesticide usage.', '2018-02-01', '2023-09-01', 'Ministry of Agriculture and Farmers Welfare'),
('G00022', 'Hydrogen Energy Roadmap', 'Framework to adopt hydrogen as a clean fuel source in industrial and transport sectors.', '2021-12-01', '2024-02-25', 'Ministry of New and Renewable Energy'),
('G00023', 'Environmental Education Policy', 'Integrates environmental studies in school curriculum and teacher training.', '2014-06-10', '2022-11-12', 'Ministry of Education'),
('G00024', 'Urban Green Cover Policy', 'Encourages planting trees and developing green zones in cities.', '2019-04-20', '2023-07-15', 'Ministry of Housing and Urban Affairs'),
('G00025', 'Climate Investment Framework', 'Provides structured investment models for climate projects.', '2022-03-05', '2024-03-01', 'Ministry of Finance');


--Regulation
INSERT INTO Regulation (RegulatorID, PolicyID) VALUES
('Rg0001', 'G00002'),
('Rg0002', 'G00001'),
('Rg0003', 'G00005'),
('Rg0004', 'G00003'),
('Rg0005', 'G00008'),
('Rg0006', 'G00006'),
('Rg0007', 'G00004'),
('Rg0008', 'G00007'),
('Rg0009', 'G00010'),
('Rg0010', 'G00011'),
('Rg0011', 'G00012'),
('Rg0012', 'G00009');

--Reward
INSERT INTO Reward (RewardID, RewardType, RewardDescription, RewardIssueDate, RegulatorID) VALUES
('R00001', 'Certificate of Excellence', 'Awarded for outstanding regulatory compliance.', '2016-03-12', 'Rg0003'),
('R00002', 'Green Innovation Grant', 'Rewarded for innovative green technology adoption.', '2017-07-24','Rg0007'),
('R00003', 'Carbon Credit Bonus', 'Issued for exceeding carbon reduction targets.', '2018-11-15', 'Rg0012'),
('R00004', 'Sustainability Award', 'Recognized for sustainable practices.', '2019-05-19', 'Rg0006'),
('R00005', 'Compliance Shield', 'Awarded for consistent policy compliance.', '2020-02-14', 'Rg0001'),
('R00006', 'Eco Leader Award', 'For leadership in environmental governance.', '2021-08-07', 'Rg0014'),
('R00007', 'Regulatory Star', 'Recognized for perfect reporting records.', '2017-04-22', 'Rg0009'),
('R00008', 'Green Champion Grant', 'Granted for contributing to green finance.', '2022-10-28', 'Rg0005'),
('R00009', 'Climate Hero Medal', 'Awarded for exceptional environmental action.', '2018-01-10', 'Rg0018'),
('R00010', 'Eco-Friendly Badge', 'Given for achieving zero waste benchmarks.', '2016-09-30', 'Rg0011'),
('R00011', 'Innovation in Compliance', 'Awarded for creative policy execution.', '2023-06-21', 'Rg0017'),
('R00012', 'Sustainable Leadership', 'Acknowledged for strategic green leadership.', '2020-12-13', 'Rg0008'),
('R00013', 'Pollution Reduction Award', 'For significant pollution control efforts.', '2019-03-03', 'Rg0020'),
('R00014', 'Energy Efficiency Badge', 'Issued for implementing energy-efficient practices.', '2021-01-25', 'Rg0004'),
('R00015', 'Green Finance Award', 'For excellence in green financial instruments.', '2017-10-09', 'Rg0002'),
('R00016', 'Carbon Offset Honor', 'Awarded for major carbon offset contributions.', '2016-06-04', 'Rg0015'),
('R00017', 'Biodiversity Booster', 'Recognized for biodiversity preservation efforts.', '2022-03-18', 'Rg0019'),
('R00018', 'Sustainable Vendor Award', 'Given to partners upholding green policies.', '2023-09-01', 'Rg0013'),
('R00019', 'Climate Resilience Medal', 'For resilience planning under climate risk.', '2018-08-30', 'Rg0010'),
('R00020', 'Low Emission Leader', 'Awarded for switching to low-emission processes.', '2024-02-17', 'Rg0016'),
('R00021', 'Eco-Audit Excellence', 'Recognized for top audit results.', '2019-07-14', 'Rg0007'),
('R00022', 'Waste Management Star', 'Given for leading waste recycling programs.', '2021-05-23', 'Rg0003'),
('R00023', 'Green Compliance Champion', 'For top-tier green policy adoption.', '2016-11-19', 'Rg0006'),
('R00024', 'Water Conservation Award', 'Acknowledged for water-saving innovations.', '2022-04-29', 'Rg0012'),
('R00025', 'ESG Governance Star', 'Rewarded for ESG performance tracking.', '2018-05-05', 'Rg0005'),
('R00026', 'Sustainability R&D Grant', 'Funding for green research projects.', '2023-01-02', 'Rg0014'),
('R00027', 'Eco-Tech Leadership', 'Recognized for sustainable technology rollout.', '2017-12-08', 'Rg0001'),
('R00028', 'Net Zero Contributor', 'Acknowledged for reaching net-zero emissions.', '2020-09-27', 'Rg0009'),
('R00029', 'Climate Action Recognition', 'For impactful environmental awareness drives.', '2021-11-03', 'Rg0018'),
('R00030', 'Green Supply Chain Award', 'For sustainability in logistics & sourcing.', '2024-03-15', 'Rg0011');

--Company
INSERT INTO Company (RegNo, IndustryType, ChiefOfficer, ContactNo, CompanyName, "Address", EstYear, CType) VALUES
(1000000001, 'Transportation Industry', 'Vikram Sinha', '8974561032', 'Parikh Aviation Pvt Ltd', 'Flat No. 5, Ashok Nagar, Kanpur, Uttar Pradesh 208001', 2002, 'Commercial Airline'),
(1000000002, 'Technology & Data Centers', 'Rajeev Joshi', '9968123901', 'Ahuja InfoTech Pvt Ltd', 'Gandhi Road, Near SBI Bank, Pune, Maharashtra 411001', 2016, 'Cloud Data Centers'),
(1000000003, 'Oil, Gas & Petrochemicals', 'Kalyani Rao', '7678902319', 'Malhotra Petroleum Pvt Ltd', '16A, Sector 17, Chandigarh 160017', 2008, 'Oil Refineries'),
(1000000004, 'Forestry & Land Use', 'Nisha Kaur', '7812034567', 'Trivedi Reforestation Pvt Ltd', 'Opp. Green Hills Park, Bhopal, Madhya Pradesh 462003', 2005, 'Reforestation/Plantation Projects'),
(1000000005, 'Construction & Real Estate', 'Pradeep Mehta', '9123456701', 'Kapoor Infrastructure Pvt Ltd', 'Indira Nagar, Lucknow, Uttar Pradesh 226016', 2009, 'Infrastructure Builders (Bridges/Roads)'),
(1000000006, 'Mining & Extractives', 'Sandeep Bhatia', '8549034210', 'Rana Bauxite Pvt Ltd', 'Near Railway Station, Jamshedpur, Jharkhand 831002', 2001, 'Bauxite Extraction Site'),
(1000000007, 'Agriculture Industry', 'Sunita Desai', '9813457290', 'Naidu Agrochem Pvt Ltd', 'Post Box 13, Salem, Tamil Nadu 636007', 2010, 'Agrochemical Producers'),
(1000000008, 'Energy Industry', 'Harish Gupta', '7890123489', 'Verma Hydro Pvt Ltd', 'Plot 23, Rajaji Nagar, Bengaluru, Karnataka 560010', 2012, 'Hydroelectric Power Station'),
(1000000009, 'Waste Management Industry', 'Neha Sharma', '9765432109', 'Kulkarni Waste Solutions Pvt Ltd', 'Parel West, Mumbai, Maharashtra 400012', 2015, 'Solid Waste Treatment Plant'),
(1000000010, 'Manufacturing Industry', 'Ravi Jain', '8943027812', 'Patel Steels Pvt Ltd', 'Sector 12, Gandhinagar, Gujarat 382012', 1999, 'Steel Manufacturing Unit'),
(1000000011, 'Transportation Industry', 'Ruchi Mahajan', '9867301293', 'Yadav Logistics Pvt Ltd', 'Brahmapur, Bhubaneswar, Odisha 751018', 2013, 'Logistics & Delivery Fleet Company'),
(1000000012, 'Technology & Data Centers', 'Ankit Rawat', '9981723094', 'Kohli Semiconductors Pvt Ltd', 'GT Road, Ludhiana, Punjab 141008', 2011, 'Semiconductor Fabrication Plants'),
(1000000013, 'Oil, Gas & Petrochemicals', 'Sonal Agarwal', '8887162530', 'Mishra Gas Pvt Ltd', 'Opposite Clock Tower, Dehradun, Uttarakhand 248001', 2006, 'LPG/CNG Distributors'),
(1000000014, 'Forestry & Land Use', 'Deepak Nair', '9745123467', 'George Conservation Pvt Ltd', 'Marine Drive, Kochi, Kerala 682031', 2007, 'Forest Conservation Authorities'),
(1000000015, 'Construction & Real Estate', 'Meera Iyer', '9578432190', 'Nambiar Developers Pvt Ltd', 'Miyapur, Hyderabad, Telangana 500049', 2018, 'Real Estate Developers'),
(1000000016, 'Mining & Extractives', 'Prakash Shetty', '9123897482', 'Shetty Minerals Pvt Ltd', 'Sadar Bazar, Nagpur, Maharashtra 440001', 2003, 'Iron Ore Mining Company'),
(1000000017, 'Agriculture Industry', 'Priya Mohan', '9098123401', 'Reddy Irrigation Pvt Ltd', 'Old Bus Stand Road, Vijayawada, Andhra Pradesh 520002', 2014, 'Industrial Irrigation Systems'),
(1000000018, 'Energy Industry', 'Vivek Sahu', '9832710402', 'Sahu Solar Pvt Ltd', 'Boring Road, Patna, Bihar 800001', 2019, 'Solar Energy Plant'),
(1000000019, 'Waste Management Industry', 'Tanuja Dixit', '9938421902', 'Singh Biogas Pvt Ltd', 'Ambedkar Circle, Jaipur, Rajasthan 302005', 2000, 'Biogas Plants'),
(1000000020, 'Manufacturing Industry', 'Arjun Varma', '9612389471', 'Varma Chemicals Pvt Ltd', 'Sector 19, Noida, Uttar Pradesh 201301', 2004, 'Chemical Industry'),

(1000000021, 'Transportation Industry', 'Anjali Chauhan', '9958120345', 'Sethi Marine Pvt Ltd', 'Dockyard Road, Chennai, Tamil Nadu 600021', 2009, 'Shipping & Marine Logistics'),
(1000000022, 'Technology & Data Centers', 'Gaurav Chatterjee', '9712457802', 'Chatterjee Electronics Pvt Ltd', 'Salt Lake Sector V, Kolkata, West Bengal 700091', 2017, 'Electronics Assembly Units'),
(1000000023, 'Oil, Gas & Petrochemicals', 'Rajiv Luthra', '9812763450', 'Luthra Crude Pvt Ltd', 'Rajendra Nagar, Indore, Madhya Pradesh 452001', 2010, 'Crude Oil Processing Units'),
(1000000024, 'Forestry & Land Use', 'Sneha Pillai', '9742637812', 'Pillai Timber Pvt Ltd', 'Kamaraj Nagar, Puducherry 605011', 2002, 'Commercial Timber Logging Company'),
(1000000025, 'Construction & Real Estate', 'Milan Shukla', '9867532104', 'Shukla Smart Infra Pvt Ltd', 'Science City Road, Ahmedabad, Gujarat 380060', 2020, 'Smart City Construction Projects'),
(1000000026, 'Mining & Extractives', 'Sharad Pawar', '9751238674', 'Pawar Uranium Pvt Ltd', 'Civil Lines, Raipur, Chhattisgarh 492001', 2001, 'Uranium Mining Operations'),
(1000000027, 'Agriculture Industry', 'Jaya Sen', '9898123891', 'Sen Poultry Pvt Ltd', 'NH 31, Siliguri, West Bengal 734001', 2007, 'Poultry Farms'),
(1000000028, 'Energy Industry', 'Ritika Thakur', '8923741856', 'Thakur Wind Power Pvt Ltd', 'Nehru Chowk, Nashik, Maharashtra 422001', 2011, 'Wind Energy Company'),
(1000000029, 'Waste Management Industry', 'Manoj Kapoor', '9612734520', 'Kapoor Compost Pvt Ltd', 'Main Road, Ranchi, Jharkhand 834001', 2005, 'Composting Units'),
(1000000030, 'Manufacturing Industry', 'Arvind Menon', '9987132456', 'Menon Textiles Pvt Ltd', 'Panjim Market, Panaji, Goa 403001', 2013, 'Textile Manufacturing Unit'),
(1000000031, 'Transportation Industry', 'Sonal Mishra', '9856472301', 'Mishra Metro Pvt Ltd', 'Connaught Place, Delhi 110001', 2012, 'Railway Freight Service'),
(1000000032, 'Technology & Data Centers', 'Dev Arora', '9736482105', 'Arora Datacenters Pvt Ltd', 'MG Road, Gangtok, Sikkim 737101', 2016, 'IT Infrastructure Companies'),
(1000000033, 'Oil, Gas & Petrochemicals', 'Neeraj Khanna', '9937214560', 'Khanna Petro Pvt Ltd', 'Sector 10, Faridabad, Haryana 121006', 2008, 'Petrochemical Manufacturers'),
(1000000034, 'Forestry & Land Use', 'Tanvi Das', '9821745306', 'Das Afforestation Pvt Ltd', 'Civil Line, Aizawl, Mizoram 796001', 2004, 'Afforestation NGOs'),
(1000000035, 'Construction & Real Estate', 'Rahul Deshmukh', '9812359760', 'Deshmukh Blocks Pvt Ltd', 'Old City, Aurangabad, Maharashtra 431001', 2003, 'Cement Block Manufacturing'),
(1000000036, 'Mining & Extractives', 'Chirag Kalra', '9876452193', 'Kalra Limestone Pvt Ltd', 'Model Town, Amritsar, Punjab 143001', 2006, 'Limestone Quarry Units'),
(1000000037, 'Agriculture Industry', 'Meenal Rathi', '9827314902', 'Rathi Fertilizers Pvt Ltd', 'Clock Tower Area, Udaipur, Rajasthan 313001', 2005, 'Fertilizer Distributors'),
(1000000038, 'Energy Industry', 'Bhavna Jaiswal', '9731245670', 'Jaiswal Biomass Pvt Ltd', 'Station Road, Aligarh, Uttar Pradesh 202001', 2014, 'Biomass Power Generator'),
(1000000039, 'Waste Management Industry', 'Vinod Saxena', '9658127340', 'Saxena Sewage Pvt Ltd', 'Main Circle, Agartala, Tripura 799001', 2002, 'Sewage Treatment Facilities'),
(1000000040, 'Manufacturing Industry', 'Nikhil Dubey', '9798123004', 'Dubey Cement Pvt Ltd', 'Golghar, Gorakhpur, Uttar Pradesh 273001', 2010, 'Cement Factory');

--CompanyEmail
INSERT INTO CompanyEmail (CEmail, RegNo) VALUES
('parikhaviation@services.in', 1000000001),
('ahujainfotech@services.in', 1000000002),
('ahujainfotech2@indcorp.org', 1000000002),
('ahujainfotech3@bizindia.in', 1000000002),
('malhotrapetroleum@companymail.com', 1000000003),
('malhotrapetroleum2@bizindia.in', 1000000003),
('trivedireforestation@services.in', 1000000004),
('trivedireforestation2@bizindia.in', 1000000004),
('trivedireforestation3@companymail.com', 1000000004),
('kapoorinfrastructure@companymail.com', 1000000005),
('info@indiacements.in',         1000000006),
('operations@indiacements.in',   1000000006),
('contact@airindiacargo.com',    1000000007),
('helpdesk@airindiacargo.com',   1000000007),
('info@delhimetrofreight.in',    1000000008),
('admin@delhimetrofreight.in',   1000000008),
('support@mahindralogistics.in', 1000000009),
('enquiries@mahindralogistics.in',1000000009),
('connect@essarsteel.in',        1000000010),
('legal@essarsteel.in',          1000000010),
('info@hindalco.in',             1000000011),
('services@hindalco.in',         1000000011),
('support@patanjaliagro.in',     1000000012),
('sales@patanjaliagro.in',       1000000012),
('info@bhelhydro.com',           1000000013),
('energy@bhelhydro.com',         1000000013),
('admin@godrejtextiles.in',      1000000014),
('textile@info.godrej.in',       1000000014),
('contact@itcindustry.com',      1000000015),
('csr@itcindustry.com',          1000000015),
('contact@jswsteel.com',           1000000016),
('support@jswsteel.com',           1000000016),
('info@dalmacement.in',            1000000017),
('logistics@dalmacement.in',       1000000017),
('info@essarmining.com',           1000000018),
('admin@essarmining.com',          1000000018),
('contact@ioclrefinery.in',        1000000019),
('enviro@ioclrefinery.in',         1000000019),
('tech@onlanddatacenters.com',     1000000020),
('info@onlanddatacenters.com',     1000000020),
('support@infotechlogix.com',      1000000021),
('help@infotechlogix.com',         1000000021),
('contact@hindpetrochem.com',      1000000022),
('csr@hindpetrochem.com',          1000000022),
('admin@lntinfra.in',              1000000023),
('civilworks@lntinfra.in',         1000000023),
('contact@biogasnation.com',       1000000024),
('sustain@biogasnation.com',       1000000024),
('public@delhitransport.in',       1000000025),
('commuters@delhitransport.in',    1000000025),
('info@greenfarmindia.com',        1000000026),
('admin@greenfarmindia.com',       1000000026),
('projects@reforestindia.org',     1000000027),
('ngo@reforestindia.org',          1000000027),
('sales@vguardsolar.in',           1000000028),
('info@vguardsolar.in',            1000000028),
('connect@cargomarine.in',         1000000029),
('services@cargomarine.in',        1000000029),
('legal@redbrickkiln.com',         1000000030),
('hr@redbrickkiln.com',            1000000030),
('info@greenharvestfarming.in',     1000000031),
('contact@urbanskyinfra.com',       1000000032),
('support@fastlineexpress.in',      1000000033),
('helpdesk@prismcementworks.com',   1000000034),
('csr@bharatwindpower.in',          1000000035),
('admin@hydroenergykerala.org',     1000000036),
('hello@cloudsyncsolutions.in',     1000000037),
('inquiry@naturaloremining.com',    1000000038),
('connect@cleanplanetwaste.in',     1000000039),
('reach@futureforest.org',          1000000040);

--Credit
INSERT INTO Credit(CreditAllocatedYear, RegNo, CProduced, CAllocated, CSell, CBuy, CNgo, RegulatorID) VALUES
(2016, 1000000039, 500.00, 1365.11, 97.66, NULL, NULL, 'Rg0012'),
(2017, 1000000039, 520.00, 1839.68, 18.17, 118.18, NULL, 'Rg0006'),
(2018, 1000000039, 890.00, 2736.30, 194.52, NULL, NULL, 'Rg0019'),
(2019, 1000000039, 925.00, 1306.76, NULL, NULL, NULL, 'Rg0017'),
(2020, 1000000039, 960.00, 2052.62, NULL, 149.24, NULL, 'Rg0018'),
(2021, 1000000039, 995.00, 1773.36, 8.47, 71.01, NULL, 'Rg0011'),
(2016, 1000000040, 500.00, 1778.39, NULL, 162.68, NULL, 'Rg0012'),
(2017, 1000000040, 520.00, 2063.93, NULL, 84.07, NULL, 'Rg0007'),
(2018, 1000000040, 890.00, 2066.40, 50.33, 68.09, NULL, 'Rg0016'),
(2019, 1000000040, 925.00, 2087.54, 122.89, 175.07, NULL, 'Rg0007'),
(2020, 1000000040, 960.00, 2726.42, 114.97, NULL, NULL, 'Rg0004'),
(2024, 1000000039, 1100.00, 1686.84, 273.86, 120.25, NULL, 'Rg0013'),
(2023, 1000000039, 1065.00, 1346.10, NULL, 275.00, NULL, 'Rg0003'),
(2021, 1000000040, 995.00, 2723.35, 110.00, 155.99, NULL, 'Rg0005'),
(2022, 1000000039, 1030.00, 1693.61, NULL, 432.23, NULL, 'Rg0009'),
(2025, 1000000038, 680.00, 2290.88, 163.82, 559.98, NULL, 'Rg0013'),
(2025, 1000000039, 1135.00, 1408.84, 115.25, NULL, NULL, 'Rg0012'),
(2025, 1000000031, 680.00, 1121.44, 156.17, 186.67, NULL, 'Rg0001'),
(2025, 1000000026, 1135.00, 2705.30, 535.20, NULL, NULL, 'Rg0015'),
(2025, 1000000027, 1135.00, 1905.45, 31.61, 495.73, NULL, 'Rg0003'),
(2016, 1000000015, 1347.84, 1291.53, NULL, 130.28, NULL, 'Rg0009'),
(2017, 1000000015, 2021.38, 1911.55, NULL, NULL, NULL, 'Rg0007'),
(2016, 1000000018, 2585.05, 2544.33, 111.96, NULL, NULL, 'Rg0002'),
(2017, 1000000018, 1528.53, 1482.04, NULL, 20.02, NULL, 'Rg0019'),
(2018, 1000000018, 1998.46, 1978.05, NULL, 191.94, NULL, 'Rg0016'),
(2016, 1000000022, 1619.31, 1527.87, 97.73, NULL, NULL, 'Rg0013'),
(2016, 1000000025, 1443.65, 1351.35, 144.93, 197.61, NULL, 'Rg0006'),
(2017, 1000000025, 2870.15, 2865.73, 47.74, NULL, NULL, 'Rg0016'),
(2018, 1000000025, 1278.26, 1179.58, 137.31, 155.99, NULL, 'Rg0013'),
(2019, 1000000025, 2284.31, 2273.14, 41.77, 57.65, NULL, 'Rg0003'),
(2016, 1000000028, 1529.67, 1369.42, NULL, 85.56, NULL, 'Rg0002'),
(2017, 1000000028, 2975.61, 2841.22, NULL, NULL, NULL, 'Rg0010'),
(2017, 1000000001, 620.00, 2785.30, 126.60, NULL, NULL, 'Rg0012'),
(2020, 1000000001, 1060.00, 1609.74, 250.91, 98.01, NULL, 'Rg0011'),
(2020, 1000000002, 550.00, 1606.47, 175.42, 100.00, NULL, 'Rg0002'),
(2023, 1000000001, 1600.00, 1289.70, 18.54, 313.74, NULL, 'Rg0019'),
(2025, 1000000001, 1700.00, 1068.91, 63.51, 275.00, NULL, 'Rg0007'),
(2016, 1000000001, 600.00, 2673.83, NULL, NULL, 785.24, 'Rg0001'),
(2016, 1000000002, 450.00, 1958.05, 26.06, 36.07, 601.18, 'Rg0001'),
(2018, 1000000001, 990.00, 2272.77, NULL, 55.92, NULL, 'Rg0015'),
(2019, 1000000001, 1025.00, 1966.70, 85.22, 163.86, NULL, 'Rg0011'),
(2021, 1000000001, 1335.00, 2626.70, 153.84, 45.31, NULL, 'Rg0016'),
(2022, 1000000001, 1380.00, 2602.25, NULL, 84.26, NULL, 'Rg0001'),
(2024, 1000000001, 1650.00, 2571.63, NULL, 47.91, NULL, 'Rg0006'),
(2017, 1000000002, 475.00, 1422.84, 190.22, NULL, NULL, 'Rg0002'),
(2018, 1000000002, 500.00, 1720.01, NULL, 75.60, NULL, 'Rg0010'),
(2019, 1000000002, 525.00, 2725.64, 73.47, NULL, NULL, 'Rg0006'),
(2021, 1000000002, 575.00, 1043.18, 27.82, NULL, NULL, 'Rg0016'),
(2022, 1000000002, 600.00, 1508.26, 160.44, 50.59, NULL, 'Rg0004'),
(2023, 1000000002, 625.00, 1358.96, 94.04, NULL, NULL, 'Rg0012'),
(2018, 1000000006, 1640.00, 2399.14, 192.41, 189.61, NULL, 'Rg0006'),
(2016, 1000000003, 600.00, 2314.62, 52.89, 36.48, 712.61, 'Rg0016'),
(2025, 1000000002, 675.00, 1344.92, 166.46, 98.75, NULL, 'Rg0011'),
(2019, 1000000006, 1660.00, 1603.49, 109.88, 73.44, NULL, 'Rg0005'),
(2021, 1000000004, 1285.00, 2010.30, 36.12, 38.54, NULL, 'Rg0020'),
(2016, 1000000004, 550.00, 2793.44, 93.64, 16.92, 650.36, 'Rg0013'),
(2023, 1000000004, 1375.00, 2844.37, 72.65, 33.56, NULL, 'Rg0001'),
(2016, 1000000005, 600.00, 1432.22, NULL, NULL, 459.80, 'Rg0018'),
(2025, 1000000004, 1465.00, 1764.11, 115.28, 100.53, NULL, 'Rg0002'),
(2017, 1000000003, 620.00, 978.40, NULL, NULL, NULL, 'Rg0015'),
(2018, 1000000003, 640.00, 2317.51, 94.20, NULL, NULL, 'Rg0013'),
(2019, 1000000003, 660.00, 1036.89, 147.58, 40.77, NULL, 'Rg0002'),
(2017, 1000000006, 1620.00, 1195.55, NULL, 26.53, 718.42, 'Rg0010'),
(2017, 1000000005, 620.00, 2202.74, 40.72, 5.96, NULL, 'Rg0007'),
(2017, 1000000007, 1270.00, 1900.17, NULL, 143.97, 873.62, 'Rg0010'),
(2017, 1000000008, 1525.00, 1115.39, NULL, NULL, 470.03, 'Rg0011'),
(2022, 1000000006, 1720.00, 1265.81, 115.09, 30.45, NULL, 'Rg0009'),
(2023, 1000000006, 1740.00, 2915.51, NULL, NULL, NULL, 'Rg0007'),
(2024, 1000000006, 1760.00, 2087.91, 116.83, 75.86, NULL, 'Rg0014'),
(2018, 1000000009, 1520.00, 1407.18, 90.03, NULL, 477.26, 'Rg0011'),
(2016, 1000000007, 1250.00, 1290.44, 12.36, 120.11, NULL, 'Rg0011'),
(2021, 1000000008, 1625.00, 1358.10, 127.90, NULL, NULL, 'Rg0001'),
(2022, 1000000008, 1650.00, 2889.42, 168.02, NULL, NULL, 'Rg0010'),
(2024, 1000000008, 1700.00, 1137.20, 75.77, NULL, NULL, 'Rg0019'),
(2016, 1000000009, 1480.00, 2257.76, NULL, 100.05, NULL, 'Rg0017'),
(2017, 1000000009, 1500.00, 2078.52, 112.47, 26.28, NULL, 'Rg0013'),
(2019, 1000000009, 1540.00, 1100.20, 164.57, NULL, NULL, 'Rg0003'),
(2020, 1000000009, 1560.00, 1789.66, NULL, 133.28, NULL, 'Rg0008'),
(2020, 1000000004, 1010.00, 1385.14, 76.54, 273.32, NULL, 'Rg0017'),
(2021, 1000000003, 940.00, 2731.47, NULL, 181.24, NULL, 'Rg0014'),
(2022, 1000000003, 970.00, 1116.68, NULL, 147.94, NULL, 'Rg0016'),
(2020, 1000000005, 1060.00, 2399.22, 220.00, NULL, NULL, 'Rg0019'),
(2020, 1000000006, 1680.00, 1053.94, NULL, 263.36, NULL, 'Rg0010'),
(2020, 1000000007, 2010.00, 1383.18, 314.14, 101.29, NULL, 'Rg0005'),
(2018, 1000000005, 990.00, 1971.90, 53.18, 109.20, NULL, 'Rg0001'),
(2019, 1000000005, 1025.00, 1939.85, NULL, NULL, NULL, 'Rg0009'),
(2023, 1000000003, 1175.00, 1637.49, 78.77, 99.90, NULL, 'Rg0009'),
(2025, 1000000003, 1245.00, 1855.51, 175.42, 129.55, NULL, 'Rg0012'),
(2017, 1000000004, 570.00, 1619.97, 24.52, NULL, NULL, 'Rg0009'),
(2018, 1000000007, 1640.00, 1917.71, 66.71, 9.46, NULL, 'Rg0016'),
(2019, 1000000007, 1875.00, 1058.87, NULL, 176.56, NULL, 'Rg0019'),
(2021, 1000000007, 2045.00, 1091.68, 52.85, 70.05, NULL, 'Rg0005'),
(2020, 1000000008, 1600.00, 1167.14, 122.40, 451.57, NULL, 'Rg0014'),
(2018, 1000000004, 940.00, 1910.35, 13.08, NULL, NULL, 'Rg0016'),
(2019, 1000000004, 975.00, 2679.46, 0.40, NULL, NULL, 'Rg0007'),
(2023, 1000000007, 1895.00, 2201.36, NULL, 40.95, NULL, 'Rg0016'),
(2024, 1000000007, 1835.00, 853.75, NULL, NULL, NULL, 'Rg0017'),
(2021, 1000000005, 1095.00, 2648.62, NULL, 195.28, NULL, 'Rg0010'),
(2016, 1000000008, 1500.00, 940.34, 60.06, NULL, NULL, 'Rg0013'),
(2023, 1000000005, 1340.00, 2404.00, 143.95, 167.20, NULL, 'Rg0002'),
(2025, 1000000005, 1420.00, 2162.97, NULL, 142.20, NULL, 'Rg0008'),
(2016, 1000000006, 1600.00, 2542.68, 45.05, 57.41, NULL, 'Rg0002'),
(2018, 1000000008, 1550.00, 1830.01, NULL, 141.74, NULL, 'Rg0010'),
(2019, 1000000008, 1575.00, 1172.78, 167.36, 40.41, NULL, 'Rg0006'),
(2024, 1000000004, 1420.00, 1900.34, 210.60, 120.91, NULL, 'Rg0014'),
(2024, 1000000005, 1380.00, 2071.89, NULL, 325.43, NULL, 'Rg0013'),
(2025, 1000000006, 1880.00, 2346.82, 400.23, NULL, NULL, 'Rg0007'),
(2025, 1000000007, 1875.00, 1416.68, NULL, 275.61, NULL, 'Rg0008'),
(2025, 1000000008, 1725.00, 2830.53, 503.86, 166.28, NULL, 'Rg0017'),
(2020, 1000000003, 680.00, 2284.75, 390.56, 7.24, NULL, 'Rg0006'),
(2021, 1000000006, 1700.00, 1864.23, 312.75, 63.60, NULL, 'Rg0008'),
(2022, 1000000007, 1680.00, 1044.53, 317.61, 170.58, NULL, 'Rg0013'),
(2022, 1000000004, 1330.00, 2257.08, 197.96, 13.52, NULL, 'Rg0016'),
(2022, 1000000005, 1130.00, 2047.50, NULL, 305.55, NULL, 'Rg0010'),
(2023, 1000000008, 1675.00, 2873.01, 195.02, NULL, NULL, 'Rg0012'),
(2024, 1000000002, 650.00, 1539.01, 573.79, 77.36, NULL, 'Rg0019'),
(2024, 1000000003, 1210.00, 2631.93, NULL, 535.60, NULL, 'Rg0001'),
(2016, 1000000010, 920.00, 2455.35, 9.72, 149.08, NULL, 'Rg0012'),
(2017, 1000000010, 940.00, 1701.36, 124.76, 42.11, NULL, 'Rg0019'),
(2019, 1000000010, 1395.00, 2682.92, 68.70, 169.09, NULL, 'Rg0004'),
(2018, 1000000010, 1360.00, 2418.40, 162.30, 23.93, 824.11, 'Rg0009'),
(2021, 1000000009, 1830.00, 1637.17, 122.34, 32.47, NULL, 'Rg0020'),
(2021, 1000000010, 2315.00, 2071.65, 144.37, 126.86, NULL, 'Rg0002'),
(2021, 1000000011, 1295.00, 2258.87, 314.70, NULL, NULL, 'Rg0002'),
(2021, 1000000012, 1275.00, 1809.32, 46.67, 286.83, NULL, 'Rg0007'),
(2021, 1000000013, 1335.00, 1042.48, 250.00, 148.80, NULL, 'Rg0011'),
(2018, 1000000011, 890.00, 2155.34, NULL, 83.85, 545.45, 'Rg0007'),
(2022, 1000000010, 2360.00, 1229.57, 123.06, 130.36, NULL, 'Rg0011'),
(2023, 1000000010, 2405.00, 1423.75, 155.03, 104.99, NULL, 'Rg0001'),
(2018, 1000000012, 870.00, 1093.23, 19.97, NULL, 477.35, 'Rg0014'),
(2019, 1000000013, 985.00, 1777.82, NULL, NULL, 482.91, 'Rg0013'),
(2016, 1000000011, 500.00, 2433.49, 117.93, 75.21, NULL, 'Rg0003'),
(2017, 1000000011, 520.00, 2148.01, 118.35, NULL, NULL, 'Rg0013'),
(2019, 1000000011, 925.00, 1485.06, NULL, 60.15, NULL, 'Rg0018'),
(2020, 1000000011, 960.00, 2438.79, 11.23, 194.39, NULL, 'Rg0019'),
(2023, 1000000009, 1890.00, 1327.68, 94.58, 87.53, NULL, 'Rg0015'),
(2024, 1000000009, 1920.00, 1377.30, 156.49, NULL, NULL, 'Rg0018'),
(2022, 1000000011, 1340.00, 2142.08, 169.02, NULL, NULL, 'Rg0011'),
(2025, 1000000009, 1950.00, 1185.68, NULL, 539.53, NULL, 'Rg0004'),
(2025, 1000000010, 1895.00, 1394.25, 185.55, 132.92, NULL, 'Rg0007'),
(2025, 1000000011, 1685.00, 2811.66, 165.57, 277.81, NULL, 'Rg0005'),
(2024, 1000000011, 1635.00, 1606.53, 113.96, NULL, NULL, 'Rg0015'),
(2016, 1000000012, 480.00, 1063.00, 107.76, 171.50, NULL, 'Rg0009'),
(2017, 1000000012, 500.00, 2241.96, 172.85, 83.13, NULL, 'Rg0002'),
(2019, 1000000012, 905.00, 2171.71, 103.19, NULL, NULL, 'Rg0017'),
(2025, 1000000012, 1685.00, 1388.90, 398.20, 168.19, NULL, 'Rg0007'),
(2025, 1000000013, 1725.00, 875.47, 143.08, 242.45, NULL, 'Rg0008'),
(2020, 1000000010, 1930.00, 1852.93, 43.71, 145.75, NULL, 'Rg0008'),
(2020, 1000000012, 940.00, 1312.46, 317.37, NULL, NULL, 'Rg0009'),
(2022, 1000000009, 1860.00, 2692.15, 28.99, 282.81, NULL, 'Rg0005'),
(2022, 1000000012, 1320.00, 2704.77, NULL, NULL, NULL, 'Rg0009'),
(2023, 1000000011, 1585.00, 1883.93, 329.89, NULL, NULL, 'Rg0018'),
(2023, 1000000013, 1625.00, 2006.22, 162.37, 299.27, NULL, 'Rg0009'),
(2024, 1000000010, 1850.00, 1825.45, 307.11, 118.28, NULL, 'Rg0011'),
(2023, 1000000012, 1585.00, 1190.82, 78.86, NULL, NULL, 'Rg0019'),
(2016, 1000000013, 550.00, 2275.98, NULL, 27.16, NULL, 'Rg0005'),
(2017, 1000000013, 570.00, 2232.39, 126.82, 60.53, NULL, 'Rg0018'),
(2018, 1000000013, 950.00, 1122.64, 174.55, NULL, NULL, 'Rg0001'),
(2020, 1000000013, 1020.00, 2597.62, 131.38, 144.64, NULL, 'Rg0014'),
(2024, 1000000012, 1635.00, 1020.77, 64.20, 150.00, NULL, 'Rg0017'),
(2022, 1000000013, 1380.00, 1114.32, 2.30, 22.09, NULL, 'Rg0010'),
(2024, 1000000013, 1675.00, 2530.43, 168.14, 9.08, NULL, 'Rg0007'),
(2016, 1000000014, 500.00, 1754.85, 129.77, 198.29, NULL, 'Rg0004'),
(2017, 1000000014, 520.00, 1954.35, 129.72, 154.62, NULL, 'Rg0007'),
(2018, 1000000014, 890.00, 2551.54, NULL, 183.50, NULL, 'Rg0014'),
(2021, 1000000014, 1295.00, 2466.36, 18.68, 348.77, NULL, 'Rg0002'),
(2019, 1000000014, 925.00, 2299.10, 34.45, 17.37, 697.98, 'Rg0007'),
(2021, 1000000016, 1345.00, 989.71, NULL, 391.48, NULL, 'Rg0018'),
(2019, 1000000015, 1040.00, 1507.70, NULL, 33.20, 784.54, 'Rg0015'),
(2022, 1000000014, 1340.00, 1534.20, NULL, 98.13, NULL, 'Rg0010'),
(2022, 1000000017, 1340.00, 2406.73, 88.21, 123.45, NULL, 'Rg0003'),
(2019, 1000000016, 975.00, 2029.58, 65.11, 84.49, 806.35, 'Rg0020'),
(2020, 1000000017, 960.00, 1677.21, 340.45, 192.03, 743.82, 'Rg0005'),
(2023, 1000000014, 1605.00, 2593.05, NULL, 167.01, NULL, 'Rg0011'),
(2024, 1000000014, 1655.00, 2799.05, NULL, NULL, NULL, 'Rg0015'),
(2020, 1000000018, 865.00, 2230.79, 400.00, 166.44, 512.35, 'Rg0019'),
(2018, 1000000015, 1000.00, 1839.86, NULL, NULL, NULL, 'Rg0020'),
(2020, 1000000015, 1080.00, 1495.75, 59.14, 404.84, NULL, 'Rg0006'),
(2020, 1000000016, 1010.00, 1998.54, 298.71, 35.93, NULL, 'Rg0012'),
(2020, 1000000014, 960.00, 2404.34, 432.04, 257.31, NULL, 'Rg0018'),
(2022, 1000000015, 1470.00, 1978.21, 7.19, NULL, NULL, 'Rg0018'),
(2021, 1000000015, 1420.00, 2181.24, 300.10, 438.31, NULL, 'Rg0018'),
(2022, 1000000018, 1195.00, 2593.13, 376.56, 80.00, NULL, 'Rg0003'),
(2023, 1000000015, 1740.00, 2190.35, 163.16, 159.85, NULL, 'Rg0016'),
(2024, 1000000015, 1795.00, 1978.44, 138.01, 155.90, NULL, 'Rg0001'),
(2016, 1000000016, 550.00, 2815.51, 174.39, 108.03, NULL, 'Rg0007'),
(2017, 1000000016, 570.00, 1955.92, 143.96, NULL, NULL, 'Rg0012'),
(2018, 1000000016, 940.00, 1883.22, 69.80, 118.86, NULL, 'Rg0006'),
(2023, 1000000016, 1655.00, 1575.57, NULL, 335.06, NULL, 'Rg0017'),
(2025, 1000000017, 1705.00, 1866.66, 198.00, 130.00, NULL, 'Rg0001'),
(2025, 1000000014, 1705.00, 2117.40, 483.70, 121.06, NULL, 'Rg0018'),
(2025, 1000000015, 1850.00, 2600.79, 73.92, 148.97, NULL, 'Rg0010'),
(2022, 1000000016, 1390.00, 1150.46, 154.34, NULL, NULL, 'Rg0007'),
(2024, 1000000016, 1705.00, 1079.05, 10.24, NULL, NULL, 'Rg0001'),
(2025, 1000000016, 1755.00, 1774.61, 167.28, 59.85, NULL, 'Rg0008'),
(2016, 1000000017, 500.00, 2573.81, 187.64, NULL, NULL, 'Rg0015'),
(2017, 1000000017, 520.00, 1381.73, 96.68, NULL, NULL, 'Rg0019'),
(2018, 1000000017, 890.00, 2163.40, NULL, 161.96, NULL, 'Rg0004'),
(2019, 1000000017, 925.00, 1447.37, 26.35, NULL, NULL, 'Rg0009'),
(2021, 1000000017, 1295.00, 1852.75, 169.80, 158.04, NULL, 'Rg0015'),
(2023, 1000000017, 1605.00, 1344.46, NULL, 162.69, NULL, 'Rg0010'),
(2024, 1000000017, 1655.00, 1431.49, 85.95, 185.52, NULL, 'Rg0019'),
(2019, 1000000018, 830.00, 2531.89, NULL, 6.63, NULL, 'Rg0014'),
(2021, 1000000018, 1150.00, 1880.34, 137.91, 88.55, NULL, 'Rg0001'),
(2023, 1000000018, 1420.00, 2143.32, NULL, 81.28, NULL, 'Rg0013'),
(2024, 1000000018, 1470.00, 990.76, 49.49, 184.29, NULL, 'Rg0005'),
(2025, 1000000018, 1520.00, 1260.70, NULL, 151.96, NULL, 'Rg0018'),
(2016, 1000000019, 520.00, 1396.96, 57.62, NULL, NULL, 'Rg0014'),
(2017, 1000000019, 540.00, 1081.44, 138.08, 160.98, NULL, 'Rg0012'),
(2018, 1000000019, 920.00, 2077.58, 86.83, 88.05, NULL, 'Rg0016'),
(2019, 1000000019, 955.00, 1873.42, NULL, 166.57, NULL, 'Rg0013'),
(2022, 1000000019, 1350.00, 1701.88, 212.18, NULL, NULL, 'Rg0009'),
(2022, 1000000021, 1340.00, 1257.57, 296.21, 195.13, NULL, 'Rg0009'),
(2022, 1000000022, 610.00, 2262.58, 21.81, 468.49, NULL, 'Rg0015'),
(2022, 1000000023, 1030.00, 1758.12, 384.66, 186.96, NULL, 'Rg0007'),
(2021, 1000000019, 1305.00, 2621.11, NULL, 155.73, NULL, 'Rg0005'),
(2021, 1000000020, 1295.00, 922.51, 517.85, 76.85, NULL, 'Rg0020'),
(2021, 1000000021, 1295.00, 2074.28, 197.25, 409.93, NULL, 'Rg0004'),
(2023, 1000000019, 1595.00, 1344.80, NULL, 41.91, NULL, 'Rg0018'),
(2024, 1000000019, 1645.00, 2297.22, NULL, 115.90, NULL, 'Rg0013'),
(2016, 1000000020, 500.00, 1620.52, 61.27, 77.25, NULL, 'Rg0016'),
(2017, 1000000020, 520.00, 2839.19, 46.48, 179.26, NULL, 'Rg0013'),
(2018, 1000000020, 890.00, 1139.03, NULL, 3.63, NULL, 'Rg0002'),
(2019, 1000000020, 925.00, 1664.20, NULL, 45.72, NULL, 'Rg0018'),
(2020, 1000000020, 960.00, 2106.20, 44.64, 104.37, NULL, 'Rg0004'),
(2021, 1000000022, 590.00, 2352.73, 240.00, NULL, NULL, 'Rg0007'),
(2020, 1000000019, 990.00, 2403.33, NULL, 701.05, NULL, 'Rg0014'),
(2021, 1000000023, 995.00, 2253.17, 195.00, 284.76, NULL, 'Rg0005'),
(2022, 1000000020, 1340.00, 856.86, NULL, 471.32, NULL, 'Rg0020'),
(2024, 1000000022, 650.00, 2763.11, 404.91, 109.30, NULL, 'Rg0015'),
(2024, 1000000021, 1655.00, 1457.47, 306.73, 134.95, NULL, 'Rg0009'),
(2024, 1000000023, 1100.00, 1331.87, 156.31, 330.89, NULL, 'Rg0008'),
(2023, 1000000020, 1605.00, 2383.00, 101.58, 114.27, NULL, 'Rg0011'),
(2024, 1000000020, 1655.00, 1775.49, 101.17, 25.98, NULL, 'Rg0014'),
(2016, 1000000021, 500.00, 2219.39, 161.55, 127.00, NULL, 'Rg0016'),
(2017, 1000000021, 520.00, 1721.62, 23.80, 58.12, NULL, 'Rg0017'),
(2018, 1000000021, 890.00, 1539.73, 190.69, 171.04, NULL, 'Rg0013'),
(2019, 1000000021, 925.00, 2182.63, NULL, 139.80, NULL, 'Rg0009'),
(2020, 1000000021, 960.00, 1279.66, 131.43, 90.37, NULL, 'Rg0013'),
(2025, 1000000019, 1695.00, 1260.32, 418.08, NULL, NULL, 'Rg0020'),
(2025, 1000000020, 1705.00, 1342.45, NULL, 362.42, NULL, 'Rg0006'),
(2023, 1000000021, 1605.00, 1655.76, NULL, NULL, NULL, 'Rg0005'),
(2025, 1000000021, 1705.00, 2454.74, 158.35, NULL, NULL, 'Rg0008'),
(2017, 1000000022, 510.00, 2927.20, 175.77, 94.15, NULL, 'Rg0013'),
(2018, 1000000022, 530.00, 1497.23, 142.79, 101.30, NULL, 'Rg0015'),
(2019, 1000000022, 550.00, 2736.19, 65.66, NULL, NULL, 'Rg0003'),
(2020, 1000000022, 570.00, 2171.29, 57.25, 38.21, NULL, 'Rg0004'),
(2023, 1000000022, 630.00, 1448.30, 48.45, 99.88, NULL, 'Rg0019'),
(2025, 1000000022, 670.00, 1169.85, 17.76, 108.64, NULL, 'Rg0016'),
(2016, 1000000023, 500.00, 1651.84, 137.23, 80.96, NULL, 'Rg0009'),
(2017, 1000000023, 520.00, 1367.41, NULL, 102.57, NULL, 'Rg0018'),
(2018, 1000000023, 890.00, 2606.72, 54.16, 18.34, NULL, 'Rg0018'),
(2019, 1000000023, 925.00, 1499.06, 21.61, 28.52, NULL, 'Rg0008'),
(2020, 1000000023, 960.00, 1201.96, NULL, 185.22, NULL, 'Rg0014'),
(2023, 1000000023, 1065.00, 968.91, 54.48, NULL, NULL, 'Rg0016'),
(2025, 1000000023, 1135.00, 1470.71, 145.79, 79.05, NULL, 'Rg0015'),
(2016, 1000000024, 500.00, 1369.32, 115.81, 97.96, NULL, 'Rg0005'),
(2017, 1000000024, 520.00, 2761.80, 103.01, 35.02, NULL, 'Rg0011'),
(2018, 1000000024, 890.00, 1538.76, 56.20, NULL, NULL, 'Rg0011'),
(2019, 1000000024, 925.00, 1030.69, NULL, 145.58, NULL, 'Rg0001'),
(2020, 1000000024, 960.00, 2363.95, 122.65, 108.47, NULL, 'Rg0007'),
(2023, 1000000024, 1065.00, 2356.83, 65.98, 24.87, NULL, 'Rg0009'),
(2025, 1000000024, 1135.00, 2171.07, NULL, 111.23, NULL, 'Rg0018'),
(2020, 1000000025, 500.00, 1503.36, 22.73, 187.50, NULL, 'Rg0003'),
(2023, 1000000025, 560.00, 1459.68, 154.11, 173.98, NULL, 'Rg0007'),
(2024, 1000000025, 580.00, 2489.63, NULL, 169.10, NULL, 'Rg0018'),
(2016, 1000000026, 500.00, 1485.61, 26.72, NULL, NULL, 'Rg0012'),
(2017, 1000000026, 520.00, 1439.93, 75.86, NULL, NULL, 'Rg0005'),
(2018, 1000000026, 890.00, 2700.32, 90.69, 55.45, NULL, 'Rg0019'),
(2019, 1000000026, 925.00, 1019.23, NULL, NULL, NULL, 'Rg0001'),
(2020, 1000000026, 960.00, 2232.27, 104.57, NULL, NULL, 'Rg0008'),
(2023, 1000000026, 1065.00, 1964.56, NULL, NULL, NULL, 'Rg0017'),
(2024, 1000000026, 1100.00, 2083.09, 24.70, 133.61, NULL, 'Rg0006'),
(2016, 1000000027, 500.00, 2229.45, NULL, NULL, NULL, 'Rg0001'),
(2017, 1000000027, 520.00, 955.14, NULL, 139.61, NULL, 'Rg0018'),
(2018, 1000000027, 890.00, 2663.70, 194.87, 97.60, NULL, 'Rg0003'),
(2019, 1000000027, 925.00, 1402.95, NULL, 111.62, NULL, 'Rg0002'),
(2020, 1000000027, 960.00, 2193.80, 101.77, NULL, NULL, 'Rg0012'),
(2022, 1000000027, 1030.00, 1414.34, 13.69, 188.34, NULL, 'Rg0015'),
(2024, 1000000027, 1100.00, 2660.94, 120.48, NULL, NULL, 'Rg0015'),
(2018, 1000000028, 350.00, 1851.88, NULL, 61.00, NULL, 'Rg0017'),
(2019, 1000000028, 365.00, 2685.15, 51.34, 20.15, NULL, 'Rg0019'),
(2020, 1000000028, 380.00, 2187.30, 197.72, 95.44, NULL, 'Rg0020'),
(2024, 1000000028, 440.00, 922.95, NULL, 143.23, NULL, 'Rg0011'),
(2025, 1000000028, 455.00, 2958.65, NULL, NULL, NULL, 'Rg0006'),
(2016, 1000000029, 500.00, 1829.28, NULL, 157.86, NULL, 'Rg0003'),
(2017, 1000000029, 520.00, 2074.64, 120.10, NULL, NULL, 'Rg0018'),
(2018, 1000000029, 890.00, 1344.88, NULL, 140.51, NULL, 'Rg0015'),
(2019, 1000000029, 925.00, 1499.69, 110.24, 165.75, NULL, 'Rg0007'),
(2020, 1000000029, 960.00, 2133.29, 86.08, 188.48, NULL, 'Rg0001'),
(2021, 1000000029, 995.00, 1345.69, 133.91, 119.92, NULL, 'Rg0019'),
(2024, 1000000029, 1100.00, 886.93, 197.71, 8.86, NULL, 'Rg0011'),
(2025, 1000000029, 1135.00, 2622.47, 99.97, 22.41, NULL, 'Rg0017'),
(2016, 1000000030, 500.00, 1885.44, 154.94, 146.85, NULL, 'Rg0001'),
(2017, 1000000030, 520.00, 1935.41, NULL, 43.59, NULL, 'Rg0012'),
(2018, 1000000030, 540.00, 2158.63, NULL, 111.04, NULL, 'Rg0005'),
(2019, 1000000030, 560.00, 1481.69, 163.80, 49.85, NULL, 'Rg0004'),
(2020, 1000000030, 580.00, 964.49, 192.09, NULL, NULL, 'Rg0013'),
(2021, 1000000030, 600.00, 2006.53, 124.53, 16.49, NULL, 'Rg0003'),
(2024, 1000000030, 660.00, 2852.10, NULL, NULL, NULL, 'Rg0015'),
(2025, 1000000030, 680.00, 2551.54, 194.87, 195.13, NULL, 'Rg0003'),
(2016, 1000000031, 500.00, 2316.63, NULL, NULL, NULL, 'Rg0014'),
(2017, 1000000031, 520.00, 2147.34, NULL, NULL, NULL, 'Rg0008'),
(2018, 1000000031, 540.00, 1394.35, 148.70, 84.06, NULL, 'Rg0001'),
(2019, 1000000031, 560.00, 1981.89, 5.73, 179.44, NULL, 'Rg0005'),
(2020, 1000000031, 580.00, 2840.74, 35.01, 35.33, NULL, 'Rg0015'),
(2024, 1000000031, 660.00, 1621.42, 54.50, 21.05, NULL, 'Rg0011'),
(2016, 1000000032, 500.00, 1443.85, NULL, 123.41, NULL, 'Rg0008'),
(2017, 1000000032, 520.00, 2568.43, NULL, NULL, NULL, 'Rg0017'),
(2018, 1000000032, 540.00, 2155.91, 68.83, 191.27, NULL, 'Rg0001'),
(2019, 1000000032, 560.00, 965.55, 127.88, 98.02, NULL, 'Rg0002'),
(2020, 1000000032, 580.00, 924.67, NULL, 96.30, NULL, 'Rg0002'),
(2021, 1000000032, 600.00, 1813.07, 116.91, NULL, NULL, 'Rg0012'),
(2024, 1000000032, 1100.00, 2620.58, 102.04, NULL, NULL, 'Rg0010'),
(2025, 1000000032, 1135.00, 1571.53, NULL, 2.64, NULL, 'Rg0005'),
(2016, 1000000033, 500.00, 1188.25, 70.53, 199.10, NULL, 'Rg0017'),
(2022, 1000000024, 1030.00, 1456.23, 140.95, 496.79, NULL, 'Rg0006'),
(2022, 1000000025, 540.00, 1235.03, 603.12, 91.06, NULL, 'Rg0005'),
(2022, 1000000026, 1030.00, 2261.12, 150.48, 515.67, NULL, 'Rg0002'),
(2023, 1000000028, 425.00, 2614.20, 59.08, 283.02, NULL, 'Rg0006'),
(2023, 1000000030, 640.00, 2726.20, 164.04, 165.00, NULL, 'Rg0019'),
(2023, 1000000031, 640.00, 1132.13, 325.02, 181.34, NULL, 'Rg0005'),
(2023, 1000000032, 1065.00, 1283.99, 15.34, 276.01, NULL, 'Rg0019'),
(2021, 1000000024, 995.00, 1811.46, 329.31, NULL, NULL, 'Rg0012'),
(2021, 1000000027, 995.00, 1509.06, NULL, 155.72, NULL, 'Rg0018'),
(2022, 1000000028, 410.00, 1261.71, 412.31, 194.62, NULL, 'Rg0008'),
(2022, 1000000029, 1030.00, 2125.73, 142.43, 305.00, NULL, 'Rg0005'),
(2022, 1000000031, 620.00, 1173.11, 14.73, 260.10, NULL, 'Rg0017'),
(2021, 1000000025, 520.00, 2246.14, 246.30, 195.50, NULL, 'Rg0002'),
(2021, 1000000028, 395.00, 2592.21, NULL, 234.31, NULL, 'Rg0008'),
(2021, 1000000031, 600.00, 1309.69, 285.30, 130.27, NULL, 'Rg0003'),
(2021, 1000000026, 995.00, 2775.89, 263.76, 364.63, NULL, 'Rg0012'),
(2022, 1000000030, 620.00, 1275.18, 614.49, NULL, NULL, 'Rg0012'),
(2022, 1000000032, 620.00, 2759.19, 549.82, 236.33, NULL, 'Rg0001'),
(2023, 1000000027, 1065.00, 928.13, 434.58, 175.58, NULL, 'Rg0011'),
(2023, 1000000029, 1065.00, 2191.38, 332.67, 235.94, NULL, 'Rg0010'),
(2024, 1000000024, 1100.00, 1394.19, 158.02, 317.35, NULL, 'Rg0004'),
(2025, 1000000025, 600.00, 1457.98, 143.73, 495.41, NULL, 'Rg0009'),
(2017, 1000000033, 520.00, 1305.11, 119.41, 60.73, NULL, 'Rg0006'),
(2018, 1000000033, 890.00, 2384.43, NULL, 153.51, NULL, 'Rg0017'),
(2019, 1000000033, 925.00, 1739.78, 55.61, 6.86, NULL, 'Rg0016'),
(2020, 1000000033, 960.00, 1965.66, NULL, 121.40, NULL, 'Rg0011'),
(2024, 1000000033, 1100.00, 2070.63, NULL, 145.99, NULL, 'Rg0002'),
(2016, 1000000034, 500.00, 1536.53, 100.88, 153.62, NULL, 'Rg0008'),
(2017, 1000000034, 520.00, 1235.82, 97.69, NULL, NULL, 'Rg0009'),
(2018, 1000000034, 890.00, 1905.92, 9.07, 97.05, NULL, 'Rg0011'),
(2019, 1000000034, 925.00, 2210.23, 47.81, 7.19, NULL, 'Rg0019'),
(2020, 1000000034, 960.00, 1611.78, 110.70, NULL, NULL, 'Rg0016'),
(2021, 1000000034, 995.00, 2910.03, 74.97, 179.68, NULL, 'Rg0005'),
(2025, 1000000034, 1135.00, 1432.38, 29.38, 149.60, NULL, 'Rg0020'),
(2016, 1000000035, 500.00, 1299.32, NULL, 48.04, NULL, 'Rg0017'),
(2017, 1000000035, 520.00, 1615.77, 197.36, 92.15, NULL, 'Rg0002'),
(2018, 1000000035, 540.00, 2455.42, 32.07, 11.11, NULL, 'Rg0001'),
(2019, 1000000035, 560.00, 1907.54, NULL, 22.55, NULL, 'Rg0008'),
(2020, 1000000035, 580.00, 1613.17, 120.11, 18.54, NULL, 'Rg0020'),
(2021, 1000000035, 600.00, 1393.17, NULL, 23.16, NULL, 'Rg0020'),
(2023, 1000000033, 1065.00, 2219.85, 368.98, NULL, NULL, 'Rg0016'),
(2023, 1000000034, 1065.00, 1233.90, 55.48, 330.00, NULL, 'Rg0015'),
(2024, 1000000035, 660.00, 1774.30, 300.14, 167.84, NULL, 'Rg0013'),
(2024, 1000000037, 660.00, 2638.13, 285.29, 49.34, NULL, 'Rg0020'),
(2024, 1000000038, 660.00, 1879.67, NULL, 379.67, NULL, 'Rg0013'),
(2022, 1000000033, 1030.00, 2728.09, NULL, 396.47, NULL, 'Rg0005'),
(2022, 1000000034, 1030.00, 1969.19, 419.58, 43.01, NULL, 'Rg0002'),
(2022, 1000000035, 620.00, 1327.44, NULL, 494.13, NULL, 'Rg0002'),
(2023, 1000000036, 1065.00, 1427.31, 141.32, 34.31, NULL, 'Rg0015'),
(2023, 1000000038, 640.00, 2227.18, 275.00, NULL, NULL, 'Rg0001'),
(2021, 1000000033, 995.00, 2058.44, 150.09, 429.35, NULL, 'Rg0020'),
(2021, 1000000036, 995.00, 2439.64, 155.99, 74.43, NULL, 'Rg0003'),
(2022, 1000000038, 620.00, 2492.06, 305.75, 47.72, NULL, 'Rg0001'),
(2023, 1000000035, 640.00, 1483.55, 419.79, 5.97, NULL, 'Rg0007'),
(2016, 1000000036, 500.00, 2087.32, NULL, 185.38, NULL, 'Rg0008'),
(2017, 1000000036, 520.00, 1626.38, 101.88, NULL, NULL, 'Rg0015'),
(2023, 1000000037, 640.00, 1244.47, NULL, 537.22, NULL, 'Rg0006'),
(2024, 1000000034, 1100.00, 1782.29, 324.91, 94.33, NULL, 'Rg0016'),
(2024, 1000000036, 1100.00, 2279.20, 82.27, 475.28, NULL, 'Rg0008'),
(2025, 1000000033, 1135.00, 1376.30, 190.45, 96.39, NULL, 'Rg0008'),
(2025, 1000000035, 680.00, 1695.42, NULL, 382.42, NULL, 'Rg0017'),
(2025, 1000000037, 680.00, 2458.15, 556.05, 112.55, NULL, 'Rg0019'),
(2018, 1000000036, 890.00, 2838.08, NULL, 72.37, NULL, 'Rg0016'),
(2019, 1000000036, 925.00, 893.38, 175.69, 92.23, NULL, 'Rg0009'),
(2020, 1000000036, 960.00, 2275.19, NULL, 166.94, NULL, 'Rg0004'),
(2022, 1000000036, 1030.00, 2573.56, 64.56, NULL, NULL, 'Rg0018'),
(2025, 1000000036, 1135.00, 957.27, 125.67, 174.87, NULL, 'Rg0017'),
(2016, 1000000037, 500.00, 1292.12, 189.71, NULL, NULL, 'Rg0014'),
(2017, 1000000037, 520.00, 2009.92, NULL, 132.73, NULL, 'Rg0013'),
(2018, 1000000037, 540.00, 1233.50, 85.29, 73.64, NULL, 'Rg0003'),
(2019, 1000000037, 560.00, 1130.61, 100.21, NULL, NULL, 'Rg0009'),
(2020, 1000000037, 580.00, 1452.40, 2.14, 39.93, NULL, 'Rg0015'),
(2021, 1000000037, 600.00, 985.30, 44.90, NULL, NULL, 'Rg0016'),
(2022, 1000000037, 620.00, 2270.87, NULL, 167.16, NULL, 'Rg0013'),
(2016, 1000000038, 500.00, 1093.33, 39.99, 38.05, NULL, 'Rg0004'),
(2017, 1000000038, 520.00, 1758.91, 127.44, 47.46, NULL, 'Rg0015'),
(2018, 1000000038, 540.00, 1618.06, 56.79, 126.79, NULL, 'Rg0013'),
(2019, 1000000038, 560.00, 2240.41, 132.77, 51.25, NULL, 'Rg0011'),
(2020, 1000000038, 580.00, 1131.74, NULL, 195.10, NULL, 'Rg0002'),
(2021, 1000000038, 600.00, 1474.29, 33.39, NULL, NULL, 'Rg0007'),
(2022, 1000000040, 1030.00, 2793.31, 160.87, 80.48, NULL, 'Rg0015'),
(2024, 1000000040, 1100.00, 1760.98, 166.34, 220.90, NULL, 'Rg0009'),
(2023, 1000000040, 1065.00, 2483.95, 198.01, NULL, NULL, 'Rg0010'),
(2025, 1000000040, 1135.00, 1363.63, 457.31, NULL, NULL, 'Rg0014');

--Penalty
INSERT INTO Penalty (PenaltyID, StartDate, PayDate, Amount, RegNo, CreditAllocatedYear, RegulatorID)
VALUES ('P00001', '2023-01-10', '2023-02-10', 150.00, 1000000001, 2023, 'Rg0001'),
('P00002', '2019-05-15', '2019-06-15', 250.50, 1000000002, 2019, 'Rg0002'),
('P00003', '2020-03-20', '2020-04-20', 300.00, 1000000003, 2020, 'Rg0003'),
('P00004', '2021-07-07', NULL, 0.00, 1000000004, 2021, 'Rg0004'),
('P00005', '2018-11-25', '2018-12-10', 120.75, 1000000005, 2018, 'Rg0005'),
('P00006', '2022-09-10', '2022-10-10', 500.00, 1000000006, 2022, 'Rg0006'),
('P00007', '2020-12-01', '2021-01-01', 75.25, 1000000007, 2020, 'Rg0007'),
('P00008', '2017-04-18', '2017-05-18', 200.00, 1000000008, 2017, 'Rg0008'),
('P00009', '2016-08-30', NULL, 99.99, 1000000009, 2016, 'Rg0009'),
('P00010', '2025-03-12', '2025-04-12', 1000.00, 1000000010, 2025, 'Rg0010'),
('P00011', '2023-05-05', '2023-06-05', 450.50, 1000000011, 2023, 'Rg0011'),
('P00012', '2019-09-17', NULL, 600.00, 1000000012, 2019, 'Rg0012'),
('P00013', '2021-02-11', '2021-03-11', 350.00, 1000000013, 2021, 'Rg0013'),
('P00014', '2018-06-20', '2018-07-20', 220.00, 1000000014, 2018, 'Rg0014'),
('P00015', '2022-10-30', '2022-11-30', 180.00, 1000000015, 2022, 'Rg0015'),
('P00016', '2020-11-11', '2020-12-11', 90.00, 1000000016, 2020, 'Rg0016'),
('P00017', '2017-03-03', '2017-04-03', 500.00, 1000000017, 2017, 'Rg0017'),
('P00018', '2019-12-22', NULL, 250.00, 1000000018, 2019, 'Rg0018'),
('P00019', '2016-01-15', '2016-02-15', 75.50, 1000000019, 2016, 'Rg0019'),
('P00020', '2025-07-01', '2025-08-01', 320.00, 1000000020, 2025, 'Rg0020'),
('P00021', '2021-08-08', '2021-09-08', 410.00, 1000000021, 2021, 'Rg0001'),
('P00022', '2022-05-17', '2022-06-17', 150.25, 1000000022, 2022, 'Rg0002'),
('P00023', '2017-10-10', NULL, 275.00, 1000000023, 2017, 'Rg0003'),
('P00024', '2018-12-12', '2019-01-12', 330.00, 1000000024, 2018, 'Rg0004'),
('P00025', '2020-06-06', '2020-07-06', 190.00, 1000000025, 2020, 'Rg0005');


--POCs
INSERT INTO POCs (POCID, FullName, ContactNo, DOB, Gender, TenureStartDate, TenureEndDate) VALUES
('Pc0001', 'Aarav Mehta', '9876543210', '1985-06-12', 'M', '2022-01-01', NULL),
('Pc0002', 'Ishita Verma', '8765432109', '1990-03-23', 'F', '2023-05-15', NULL),
('Pc0003', 'Rohan Singh', '9988776655', '1982-11-07', 'M', '2021-01-10', NULL),
('Pc0004', 'Sanya Kapoor', '9123456780', '1993-07-19', 'F', '2022-06-01', NULL),
('Pc0005', 'Karan Desai', '9012345678', '1987-02-14', 'M', '2021-08-20', NULL),
('Pc0006', 'Neha Sharma', '8098765432', '1991-12-25', 'F', '2023-04-01', NULL),
('Pc0007', 'Arjun Nair', '8989898989', '1984-09-10', 'M', '2022-09-15', NULL),
('Pc0008', 'Priya Menon', '8877665544', '1995-10-30', 'F', '2023-01-01', NULL),
('Pc0009', 'Dev Chauhan', '9090909090', '1989-05-01', 'M', '2022-02-01', NULL),
('Pc0010', 'Sneha Iyer', '7766554433', '1994-04-08', 'F', '2021-11-01', NULL),
('Pc0011', 'Rahul Mishra', '9898989898', '1983-01-19', 'M', '2023-03-01', NULL),
('Pc0012', 'Meera Dutta', '9666332211', '1992-08-05', 'F', '2022-07-01', NULL),
('Pc0013', 'Kabir Joshi', '9555443322', '1986-06-22', 'M', '2021-01-01', NULL),
('Pc0014', 'Tanya Rao', '9444332211', '1991-09-12', 'F', '2022-10-01', NULL),
('Pc0015', 'Virat Kapoor', '9333222111', '1988-07-30', 'M', '2023-03-01', NULL),
('Pc0016', 'Pooja Shetty', '9222111000', '1993-12-01', 'F', '2022-08-01', NULL),
('Pc0017', 'Yash Malhotra', '8111000999', '1985-10-15', 'M', '2023-05-01', NULL),
('Pc0018', 'Rhea Sen', '8777888899', '1990-01-09', 'F', '2022-06-01', NULL),
('Pc0019', 'Nikhil Jain', '7666554433', '1987-03-27', 'M', '2021-04-01', NULL),
('Pc0020', 'Diya Bhatt', '7555443322', '1996-11-17', 'F', '2022-02-01', NULL),
('Pc0021', 'Siddharth Bose', '7444332211', '1989-09-08', 'M', '2021-03-01', NULL),
('Pc0022', 'Ananya Pillai', '7333222110', '1991-07-24', 'F', '2023-12-01', NULL),
('Pc0023', 'Jayant Khurana', '7222111000', '1984-12-11', 'M', '2022-01-01', NULL),
('Pc0024', 'Swara Nair', '7111000998', '1993-02-06', 'F', '2022-09-01', NULL),
('Pc0025', 'Ayaan Kulkarni', '7000998877', '1986-06-28', 'M', '2023-05-01', NULL),
('Pc0026', 'Myra Singh', '6999887766', '1995-04-10', 'F', '2022-08-01', NULL),
('Pc0027', 'Manav Goel', '6888776655', '1988-01-05', 'M', '2021-10-01', NULL),
('Pc0028', 'Naina Bansal', '6777665544', '1992-05-20', 'F', '2023-03-01', NULL),
('Pc0029', 'Ishan Raj', '6666554433', '1987-07-14', 'M', '2022-11-01', NULL),
('Pc0030', 'Ritika Jain', '6555443322', '1994-12-09', 'F', '2023-02-01', NULL),
('Pc0031', 'Parth Bhagat', '6444332211', '1983-04-17', 'M', '2023-04-01', NULL),
('Pc0032', 'Kritika Sinha', '6333222110', '1991-06-18', 'F', '2023-06-01', NULL),
('Pc0033', 'Aditya Roy', '6222111000', '1989-11-23', 'M', '2023-01-01', NULL),
('Pc0034', 'Lavanya Gupta', '6111000998', '1995-01-29', 'F', '2023-03-15', NULL),
('Pc0035', 'Amitabh Das', '6000998877', '1986-08-11', 'M', '2022-12-01', NULL),
('Pc0036', 'Shruti Rao', '5999887766', '1990-09-12', 'F', '2017-01-01', '2021-12-31'),
('Pc0037', 'Deepak Anand', '5888776655', '1982-03-14', 'M', '2018-05-01', '2022-04-30'),
('Pc0038', 'Meenal Kaur', '5777665544', '1993-06-30', 'F', '2019-10-01', '2023-09-30'),
('Pc0039', 'Rajeev Ranjan', '5666554433', '1985-02-25', 'M', '2016-02-01', '2020-01-31'),
('Pc0040', 'Sunita Chauhan', '5555443322', '1987-10-20', 'F', '2015-07-01', '2019-06-30');

--Branch
SET SEARCH_PATH TO GREENCOIN;

INSERT INTO Branch (RegNo, "State", City, BranchCredits, POCID, "Year", Size, StartDate) VALUES
(1000000001, 'Uttar Pradesh', 'Kanpur', 600.00, 'Pc0003', 2016, 4000.00, '2002-01-01'),
(1000000001, 'Uttar Pradesh', 'Kanpur', 620.00, 'Pc0003', 2017, 4000.00, '2002-01-01'),
(1000000001, 'Uttar Pradesh', 'Kanpur', 640.00, 'Pc0003', 2018, 4000.00, '2002-01-01'),
(1000000001, 'Uttar Pradesh', 'Kanpur', 660.00, 'Pc0003', 2019, 4000.00, '2002-01-01'),
(1000000001, 'Uttar Pradesh', 'Kanpur', 680.00, 'Pc0003', 2020, 4000.00, '2002-01-01'),
(1000000001, 'Uttar Pradesh', 'Kanpur', 700.00, 'Pc0003', 2021, 4000.00, '2002-01-01'),
(1000000001, 'Uttar Pradesh', 'Kanpur', 720.00, 'Pc0003', 2022, 4000.00, '2002-01-01'),
(1000000001, 'Uttar Pradesh', 'Kanpur', 740.00, 'Pc0003', 2023, 4000.00, '2002-01-01'),
(1000000001, 'Uttar Pradesh', 'Kanpur', 760.00, 'Pc0003', 2024, 4000.00, '2002-01-01'),
(1000000001, 'Uttar Pradesh', 'Kanpur', 780.00, 'Pc0003', 2025, 4000.00, '2002-01-01');

INSERT INTO Branch (RegNo, "State", City, BranchCredits, POCID, "Year", Size, StartDate) VALUES
(1000000001, 'Delhi', 'New Delhi', 350.00, 'Pc0007', 2018, 3500.00, '2018-01-01'),
(1000000001, 'Delhi', 'New Delhi', 365.00, 'Pc0007', 2019, 3500.00, '2018-01-01'),
(1000000001, 'Delhi', 'New Delhi', 380.00, 'Pc0007', 2020, 3500.00, '2018-01-01'),
(1000000001, 'Delhi', 'New Delhi', 395.00, 'Pc0007', 2021, 3500.00, '2018-01-01'),
(1000000001, 'Delhi', 'New Delhi', 410.00, 'Pc0007', 2022, 3500.00, '2018-01-01'),
(1000000001, 'Delhi', 'New Delhi', 425.00, 'Pc0007', 2023, 3500.00, '2018-01-01'),
(1000000001, 'Delhi', 'New Delhi', 440.00, 'Pc0007', 2024, 3500.00, '2018-01-01'),
(1000000001, 'Delhi', 'New Delhi', 455.00, 'Pc0007', 2025, 3500.00, '2018-01-01');

INSERT INTO Branch (RegNo, "State", City, BranchCredits, POCID, "Year", Size, StartDate) VALUES
(1000000001, 'Maharashtra', 'Nagpur', 240.00, 'Pc0011', 2021, 3000.00, '2021-01-01'),
(1000000001, 'Maharashtra', 'Nagpur', 250.00, 'Pc0011', 2022, 3000.00, '2021-01-01'),
(1000000001, 'Maharashtra', 'Nagpur', 260.00, 'Pc0011', 2023, 3000.00, '2021-01-01'),
(1000000001, 'Maharashtra', 'Nagpur', 270.00, 'Pc0011', 2024, 3000.00, '2021-01-01'),
(1000000001, 'Maharashtra', 'Nagpur', 280.00, 'Pc0011', 2025, 3000.00, '2021-01-01');

INSERT INTO Branch (RegNo, "State", City, BranchCredits, POCID, "Year", Size, StartDate) VALUES
(1000000001, 'Rajasthan', 'Jaipur', 175.00, 'Pc0009', 2023, 2500.00, '2023-01-01'),
(1000000001, 'Rajasthan', 'Jaipur', 180.00, 'Pc0009', 2024, 2500.00, '2023-01-01'),
(1000000001, 'Rajasthan', 'Jaipur', 185.00, 'Pc0009', 2025, 2500.00, '2023-01-01');

INSERT INTO Branch (RegNo, "State", City, BranchCredits, POCID, "Year", Size, StartDate) VALUES
(1000000002, 'Maharashtra', 'Pune', 450.00, 'Pc0002', 2016, 4000.00, '2016-01-01'),
(1000000002, 'Maharashtra', 'Pune', 475.00, 'Pc0002', 2017, 4000.00, '2016-01-01'),
(1000000002, 'Maharashtra', 'Pune', 500.00, 'Pc0002', 2018, 4000.00, '2016-01-01'),
(1000000002, 'Maharashtra', 'Pune', 525.00, 'Pc0002', 2019, 4000.00, '2016-01-01'),
(1000000002, 'Maharashtra', 'Pune', 550.00, 'Pc0002', 2020, 4000.00, '2016-01-01'),
(1000000002, 'Maharashtra', 'Pune', 575.00, 'Pc0002', 2021, 4000.00, '2016-01-01'),
(1000000002, 'Maharashtra', 'Pune', 600.00, 'Pc0002', 2022, 4000.00, '2016-01-01'),
(1000000002, 'Maharashtra', 'Pune', 625.00, 'Pc0002', 2023, 4000.00, '2016-01-01'),
(1000000002, 'Maharashtra', 'Pune', 650.00, 'Pc0002', 2024, 4000.00, '2016-01-01'),
(1000000002, 'Maharashtra', 'Pune', 675.00, 'Pc0002', 2025, 4000.00, '2016-01-01');

INSERT INTO Branch (RegNo, "State", City, BranchCredits, POCID, "Year", Size, StartDate) VALUES
(1000000003, 'Chandigarh', 'Chandigarh', 600.00, 'Pc0004', 2016, 4000.00, '2008-01-01'),
(1000000003, 'Chandigarh', 'Chandigarh', 620.00, 'Pc0004', 2017, 4000.00, '2008-01-01'),
(1000000003, 'Chandigarh', 'Chandigarh', 640.00, 'Pc0004', 2018, 4000.00, '2008-01-01'),
(1000000003, 'Chandigarh', 'Chandigarh', 660.00, 'Pc0004', 2019, 4000.00, '2008-01-01'),
(1000000003, 'Chandigarh', 'Chandigarh', 680.00, 'Pc0004', 2020, 4000.00, '2008-01-01'),
(1000000003, 'Chandigarh', 'Chandigarh', 700.00, 'Pc0004', 2021, 4000.00, '2008-01-01'),
(1000000003, 'Chandigarh', 'Chandigarh', 720.00, 'Pc0004', 2022, 4000.00, '2008-01-01'),
(1000000003, 'Chandigarh', 'Chandigarh', 740.00, 'Pc0004', 2023, 4000.00, '2008-01-01'),
(1000000003, 'Chandigarh', 'Chandigarh', 760.00, 'Pc0004', 2024, 4000.00, '2008-01-01'),
(1000000003, 'Chandigarh', 'Chandigarh', 780.00, 'Pc0004', 2025, 4000.00, '2008-01-01');
INSERT INTO Branch (RegNo, "State", City, BranchCredits, POCID, "Year", Size, StartDate) VALUES
(1000000003, 'Haryana', 'Faridabad', 240.00, 'Pc0011', 2021, 3000.00, '2021-01-01'),
(1000000003, 'Haryana', 'Faridabad', 250.00, 'Pc0011', 2022, 3000.00, '2021-01-01'),
(1000000003, 'Haryana', 'Faridabad', 260.00, 'Pc0011', 2023, 3000.00, '2021-01-01'),
(1000000003, 'Haryana', 'Faridabad', 270.00, 'Pc0011', 2024, 3000.00, '2021-01-01'),
(1000000003, 'Haryana', 'Faridabad', 280.00, 'Pc0011', 2025, 3000.00, '2021-01-01');
INSERT INTO Branch (RegNo, "State", City, BranchCredits, POCID, "Year", Size, StartDate) VALUES
(1000000003, 'Haryana', 'Gurgaon', 175.00, 'Pc0009', 2023, 2500.00, '2023-01-01'),
(1000000003, 'Haryana', 'Gurgaon', 180.00, 'Pc0009', 2024, 2500.00, '2023-01-01'),
(1000000003, 'Haryana', 'Gurgaon', 185.00, 'Pc0009', 2025, 2500.00, '2023-01-01');

INSERT INTO Branch (RegNo, "State", City, BranchCredits, POCID, "Year", Size, StartDate) VALUES
(1000000004, 'Madhya Pradesh', 'Bhopal', 550.00, 'Pc0006', 2016, 4000.00, '2005-01-01'),
(1000000004, 'Madhya Pradesh', 'Bhopal', 570.00, 'Pc0006', 2017, 4000.00, '2005-01-01'),
(1000000004, 'Madhya Pradesh', 'Bhopal', 590.00, 'Pc0006', 2018, 4000.00, '2005-01-01'),
(1000000004, 'Madhya Pradesh', 'Bhopal', 610.00, 'Pc0006', 2019, 4000.00, '2005-01-01'),
(1000000004, 'Madhya Pradesh', 'Bhopal', 630.00, 'Pc0006', 2020, 4000.00, '2005-01-01'),
(1000000004, 'Madhya Pradesh', 'Bhopal', 650.00, 'Pc0006', 2021, 4000.00, '2005-01-01'),
(1000000004, 'Madhya Pradesh', 'Bhopal', 670.00, 'Pc0006', 2022, 4000.00, '2005-01-01'),
(1000000004, 'Madhya Pradesh', 'Bhopal', 690.00, 'Pc0006', 2023, 4000.00, '2005-01-01'),
(1000000004, 'Madhya Pradesh', 'Bhopal', 710.00, 'Pc0006', 2024, 4000.00, '2005-01-01'),
(1000000004, 'Madhya Pradesh', 'Bhopal', 730.00, 'Pc0006', 2025, 4000.00, '2005-01-01');

INSERT INTO Branch (RegNo, "State", City, BranchCredits, POCID, "Year", Size, StartDate) VALUES
(1000000004, 'Madhya Pradesh', 'Indore', 350.00, 'Pc0008', 2018, 3500.00, '2018-01-01'),
(1000000004, 'Madhya Pradesh', 'Indore', 365.00, 'Pc0008', 2019, 3500.00, '2018-01-01'),
(1000000004, 'Madhya Pradesh', 'Indore', 380.00, 'Pc0008', 2020, 3500.00, '2018-01-01'),
(1000000004, 'Madhya Pradesh', 'Indore', 395.00, 'Pc0008', 2021, 3500.00, '2018-01-01'),
(1000000004, 'Madhya Pradesh', 'Indore', 410.00, 'Pc0008', 2022, 3500.00, '2018-01-01'),
(1000000004, 'Madhya Pradesh', 'Indore', 425.00, 'Pc0008', 2023, 3500.00, '2018-01-01'),
(1000000004, 'Madhya Pradesh', 'Indore', 440.00, 'Pc0008', 2024, 3500.00, '2018-01-01'),
(1000000004, 'Madhya Pradesh', 'Indore', 455.00, 'Pc0008', 2025, 3500.00, '2018-01-01');

INSERT INTO Branch (RegNo, "State", City, BranchCredits, POCID, "Year", Size, StartDate) VALUES
(1000000004, 'Madhya Pradesh', 'Gwalior', 240.00, 'Pc0012', 2021, 3000.00, '2021-01-01'),
(1000000004, 'Madhya Pradesh', 'Gwalior', 250.00, 'Pc0012', 2022, 3000.00, '2021-01-01'),
(1000000004, 'Madhya Pradesh', 'Gwalior', 260.00, 'Pc0012', 2023, 3000.00, '2021-01-01'),
(1000000004, 'Madhya Pradesh', 'Gwalior', 270.00, 'Pc0012', 2024, 3000.00, '2021-01-01'),
(1000000004, 'Madhya Pradesh', 'Gwalior', 280.00, 'Pc0012', 2025, 3000.00, '2021-01-01');

INSERT INTO Branch (RegNo, "State", City, BranchCredits, POCID, "Year", Size, StartDate) VALUES
(1000000005, 'Uttar Pradesh', 'Lucknow', 600.00, 'Pc0009', 2016, 4000.00, '2009-01-01'),
(1000000005, 'Uttar Pradesh', 'Lucknow', 620.00, 'Pc0009', 2017, 4000.00, '2009-01-01'),
(1000000005, 'Uttar Pradesh', 'Lucknow', 640.00, 'Pc0009', 2018, 4000.00, '2009-01-01'),
(1000000005, 'Uttar Pradesh', 'Lucknow', 660.00, 'Pc0009', 2019, 4000.00, '2009-01-01'),
(1000000005, 'Uttar Pradesh', 'Lucknow', 680.00, 'Pc0009', 2020, 4000.00, '2009-01-01'),
(1000000005, 'Uttar Pradesh', 'Lucknow', 700.00, 'Pc0009', 2021, 4000.00, '2009-01-01'),
(1000000005, 'Uttar Pradesh', 'Lucknow', 720.00, 'Pc0009', 2022, 4000.00, '2009-01-01'),
(1000000005, 'Uttar Pradesh', 'Lucknow', 740.00, 'Pc0009', 2023, 4000.00, '2009-01-01'),
(1000000005, 'Uttar Pradesh', 'Lucknow', 760.00, 'Pc0009', 2024, 4000.00, '2009-01-01'),
(1000000005, 'Uttar Pradesh', 'Lucknow', 780.00, 'Pc0009', 2025, 4000.00, '2009-01-01');

INSERT INTO Branch (RegNo, "State", City, BranchCredits, POCID, "Year", Size, StartDate) VALUES
(1000000005, 'Uttar Pradesh', 'Agra', 350.00, 'Pc0013', 2018, 3500.00, '2018-01-01'),
(1000000005, 'Uttar Pradesh', 'Agra', 365.00, 'Pc0013', 2019, 3500.00, '2018-01-01'),
(1000000005, 'Uttar Pradesh', 'Agra', 380.00, 'Pc0013', 2020, 3500.00, '2018-01-01'),
(1000000005, 'Uttar Pradesh', 'Agra', 395.00, 'Pc0013', 2021, 3500.00, '2018-01-01'),
(1000000005, 'Uttar Pradesh', 'Agra', 410.00, 'Pc0013', 2022, 3500.00, '2018-01-01'),
(1000000005, 'Uttar Pradesh', 'Agra', 425.00, 'Pc0013', 2023, 3500.00, '2018-01-01'),
(1000000005, 'Uttar Pradesh', 'Agra', 440.00, 'Pc0013', 2024, 3500.00, '2018-01-01'),
(1000000005, 'Uttar Pradesh', 'Agra', 455.00, 'Pc0013', 2025, 3500.00, '2018-01-01');
INSERT INTO Branch (RegNo, "State", City, BranchCredits, POCID, "Year", Size, StartDate) VALUES
(1000000005, 'Gujarat', 'Surat', 175.00, 'Pc0014', 2023, 2500.00, '2023-01-01'),
(1000000005, 'Gujarat', 'Surat', 180.00, 'Pc0014', 2024, 2500.00, '2023-01-01'),
(1000000005, 'Gujarat', 'Surat', 185.00, 'Pc0014', 2025, 2500.00, '2023-01-01');

INSERT INTO Branch (RegNo, "State", City, BranchCredits, POCID, "Year", Size, StartDate) VALUES
(1000000006, 'Jharkhand', 'Jamshedpur', 1600.00, 'Pc0001', 2016, 4000.00, '2001-01-01'),
(1000000006, 'Jharkhand', 'Jamshedpur', 1620.00, 'Pc0001', 2017, 4000.00, '2001-01-01'),
(1000000006, 'Jharkhand', 'Jamshedpur', 1640.00, 'Pc0001', 2018, 4000.00, '2001-01-01'),
(1000000006, 'Jharkhand', 'Jamshedpur', 1660.00, 'Pc0001', 2019, 4000.00, '2001-01-01'),
(1000000006, 'Jharkhand', 'Jamshedpur', 1680.00, 'Pc0001', 2020, 4000.00, '2001-01-01'),
(1000000006, 'Jharkhand', 'Jamshedpur', 1700.00, 'Pc0001', 2021, 4000.00, '2001-01-01'),
(1000000006, 'Jharkhand', 'Jamshedpur', 1720.00, 'Pc0001', 2022, 4000.00, '2001-01-01'),
(1000000006, 'Jharkhand', 'Jamshedpur', 1740.00, 'Pc0001', 2023, 4000.00, '2001-01-01'),
(1000000006, 'Jharkhand', 'Jamshedpur', 1760.00, 'Pc0001', 2024, 4000.00, '2001-01-01'),
(1000000006, 'Jharkhand', 'Jamshedpur', 1880.00, 'Pc0001', 2025, 4000.00, '2001-01-01');

INSERT INTO Branch (RegNo, "State", City, BranchCredits, POCID, "Year", Size, StartDate) VALUES
(1000000007, 'Tamil Nadu', 'Salem', 1250.00, 'Pc0008', 2016, 3800.00, '2010-01-01'),
(1000000007, 'Tamil Nadu', 'Salem', 1270.00, 'Pc0008', 2017, 3800.00, '2010-01-01'),
(1000000007, 'Tamil Nadu', 'Salem', 1290.00, 'Pc0008', 2018, 3800.00, '2010-01-01'),
(1000000007, 'Tamil Nadu', 'Salem', 1510.00, 'Pc0008', 2019, 3800.00, '2010-01-01'),
(1000000007, 'Tamil Nadu', 'Salem', 1630.00, 'Pc0008', 2020, 3800.00, '2010-01-01'),
(1000000007, 'Tamil Nadu', 'Salem', 1650.00, 'Pc0008', 2021, 3800.00, '2010-01-01'),
(1000000007, 'Tamil Nadu', 'Salem', 1270.00, 'Pc0008', 2022, 3800.00, '2010-01-01'),
(1000000007, 'Tamil Nadu', 'Salem', 1290.00, 'Pc0008', 2023, 3800.00, '2010-01-01'),
(1000000007, 'Tamil Nadu', 'Salem', 1210.00, 'Pc0008', 2024, 3800.00, '2010-01-01'),
(1000000007, 'Tamil Nadu', 'Salem', 1230.00, 'Pc0008', 2025, 3800.00, '2010-01-01');

INSERT INTO Branch (RegNo, "State", City, BranchCredits, POCID, "Year", Size, StartDate) VALUES
(1000000007, 'Tamil Nadu', 'Coimbatore', 350.00, 'Pc0005', 2018, 3500.00, '2018-01-01'),
(1000000007, 'Tamil Nadu', 'Coimbatore', 365.00, 'Pc0005', 2019, 3500.00, '2018-01-01'),
(1000000007, 'Tamil Nadu', 'Coimbatore', 380.00, 'Pc0005', 2020, 3500.00, '2018-01-01'),
(1000000007, 'Tamil Nadu', 'Coimbatore', 395.00, 'Pc0005', 2021, 3500.00, '2018-01-01'),
(1000000007, 'Tamil Nadu', 'Coimbatore', 410.00, 'Pc0005', 2022, 3500.00, '2018-01-01'),
(1000000007, 'Tamil Nadu', 'Coimbatore', 425.00, 'Pc0005', 2023, 3500.00, '2018-01-01'),
(1000000007, 'Tamil Nadu', 'Coimbatore', 440.00, 'Pc0005', 2024, 3500.00, '2018-01-01'),
(1000000007, 'Tamil Nadu', 'Coimbatore', 455.00, 'Pc0005', 2025, 3500.00, '2018-01-01');

INSERT INTO Branch (RegNo, "State", City, BranchCredits, POCID, "Year", Size, StartDate) VALUES
(1000000007, 'Tamil Nadu', 'Tiruchirappalli', 180.00, 'Pc0010', 2023, 3000.00, '2023-01-01'),
(1000000007, 'Tamil Nadu', 'Tiruchirappalli', 185.00, 'Pc0010', 2024, 3000.00, '2023-01-01'),
(1000000007, 'Tamil Nadu', 'Tiruchirappalli', 190.00, 'Pc0010', 2025, 3000.00, '2023-01-01');

INSERT INTO Branch (RegNo, "State", City, BranchCredits, POCID, "Year", Size, StartDate) VALUES
(1000000008, 'Karnataka', 'Bengaluru', 1500.00, 'Pc0003', 2016, 4000.00, '2012-01-01'),
(1000000008, 'Karnataka', 'Bengaluru', 1525.00, 'Pc0003', 2017, 4000.00, '2012-01-01'),
(1000000008, 'Karnataka', 'Bengaluru', 1550.00, 'Pc0003', 2018, 4000.00, '2012-01-01'),
(1000000008, 'Karnataka', 'Bengaluru', 1575.00, 'Pc0003', 2019, 4000.00, '2012-01-01'),
(1000000008, 'Karnataka', 'Bengaluru', 1600.00, 'Pc0003', 2020, 4000.00, '2012-01-01'),
(1000000008, 'Karnataka', 'Bengaluru', 1625.00, 'Pc0003', 2021, 4000.00, '2012-01-01'),
(1000000008, 'Karnataka', 'Bengaluru', 1650.00, 'Pc0003', 2022, 4000.00, '2012-01-01'),
(1000000008, 'Karnataka', 'Bengaluru', 1675.00, 'Pc0003', 2023, 4000.00, '2012-01-01'),
(1000000008, 'Karnataka', 'Bengaluru', 1700.00, 'Pc0003', 2024, 4000.00, '2012-01-01'),
(1000000008, 'Karnataka', 'Bengaluru', 1725.00, 'Pc0003', 2025, 4000.00, '2012-01-01');

INSERT INTO Branch (RegNo, "State", City, BranchCredits, POCID, "Year", Size, StartDate) VALUES
(1000000009, 'Maharashtra', 'Mumbai', 1480.00, 'Pc0012', 2016, 4000.00, '2015-01-01'),
(1000000009, 'Maharashtra', 'Mumbai', 1500.00, 'Pc0012', 2017, 4000.00, '2015-01-01'),
(1000000009, 'Maharashtra', 'Mumbai', 1520.00, 'Pc0012', 2018, 4000.00, '2015-01-01'),
(1000000009, 'Maharashtra', 'Mumbai', 1540.00, 'Pc0012', 2019, 4000.00, '2015-01-01'),
(1000000009, 'Maharashtra', 'Mumbai', 1560.00, 'Pc0012', 2020, 4000.00, '2015-01-01'),
(1000000009, 'Maharashtra', 'Mumbai', 1580.00, 'Pc0012', 2021, 4000.00, '2015-01-01'),
(1000000009, 'Maharashtra', 'Mumbai', 1600.00, 'Pc0012', 2022, 4000.00, '2015-01-01'),
(1000000009, 'Maharashtra', 'Mumbai', 1620.00, 'Pc0012', 2023, 4000.00, '2015-01-01'),
(1000000009, 'Maharashtra', 'Mumbai', 1640.00, 'Pc0012', 2024, 4000.00, '2015-01-01'),
(1000000009, 'Maharashtra', 'Mumbai', 1660.00, 'Pc0012', 2025, 4000.00, '2015-01-01');

INSERT INTO Branch (RegNo, "State", City, BranchCredits, POCID, "Year", Size, StartDate) VALUES
(1000000009, 'Maharashtra', 'Nashik', 250.00, 'Pc0010', 2021, 3200.00, '2021-01-01'),
(1000000009, 'Maharashtra', 'Nashik', 260.00, 'Pc0010', 2022, 3200.00, '2021-01-01'),
(1000000009, 'Maharashtra', 'Nashik', 270.00, 'Pc0010', 2023, 3200.00, '2021-01-01'),
(1000000009, 'Maharashtra', 'Nashik', 280.00, 'Pc0010', 2024, 3200.00, '2021-01-01'),
(1000000009, 'Maharashtra', 'Nashik', 290.00, 'Pc0010', 2025, 3200.00, '2021-01-01');

INSERT INTO Branch (RegNo, "State", City, BranchCredits, POCID, "Year", Size, StartDate) VALUES
(1000000010, 'Gujarat', 'Gandhinagar', 920.00, 'Pc0004', 2016, 4000.00, '1999-01-01'),
(1000000010, 'Gujarat', 'Gandhinagar', 940.00, 'Pc0004', 2017, 4000.00, '1999-01-01'),
(1000000010, 'Gujarat', 'Gandhinagar', 960.00, 'Pc0004', 2018, 4000.00, '1999-01-01'),
(1000000010, 'Gujarat', 'Gandhinagar', 980.00, 'Pc0004', 2019, 4000.00, '1999-01-01'),
(1000000010, 'Gujarat', 'Gandhinagar', 1500.00, 'Pc0004', 2020, 4000.00, '1999-01-01'),
(1000000010, 'Gujarat', 'Gandhinagar', 1520.00, 'Pc0004', 2021, 4000.00, '1999-01-01'),
(1000000010, 'Gujarat', 'Gandhinagar', 1540.00, 'Pc0004', 2022, 4000.00, '1999-01-01'),
(1000000010, 'Gujarat', 'Gandhinagar', 1560.00, 'Pc0004', 2023, 4000.00, '1999-01-01'),
(1000000010, 'Gujarat', 'Gandhinagar', 980.00, 'Pc0004', 2024, 4000.00, '1999-01-01'),
(1000000010, 'Gujarat', 'Gandhinagar', 1000.00, 'Pc0004', 2025, 4000.00, '1999-01-01');

INSERT INTO Branch (RegNo, "State", City, BranchCredits, POCID, "Year", Size, StartDate) VALUES
(1000000010, 'Gujarat', 'Ahmedabad', 400.00, 'Pc0009', 2018, 3500.00, '2018-01-01'),
(1000000010, 'Gujarat', 'Ahmedabad', 415.00, 'Pc0009', 2019, 3500.00, '2018-01-01'),
(1000000010, 'Gujarat', 'Ahmedabad', 430.00, 'Pc0009', 2020, 3500.00, '2018-01-01'),
(1000000010, 'Gujarat', 'Ahmedabad', 445.00, 'Pc0009', 2021, 3500.00, '2018-01-01'),
(1000000010, 'Gujarat', 'Ahmedabad', 460.00, 'Pc0009', 2022, 3500.00, '2018-01-01'),
(1000000010, 'Gujarat', 'Ahmedabad', 475.00, 'Pc0009', 2023, 3500.00, '2018-01-01'),
(1000000010, 'Gujarat', 'Ahmedabad', 490.00, 'Pc0009', 2024, 3500.00, '2018-01-01'),
(1000000010, 'Gujarat', 'Ahmedabad', 505.00, 'Pc0009', 2025, 3500.00, '2018-01-01');

INSERT INTO Branch (RegNo, "State", City, BranchCredits, POCID, "Year", Size, StartDate) VALUES
(1000000010, 'Gujarat', 'Surat', 350.00, 'Pc0014', 2021, 3200.00, '2021-01-01'),
(1000000010, 'Gujarat', 'Surat', 360.00, 'Pc0014', 2022, 3200.00, '2021-01-01'),
(1000000010, 'Gujarat', 'Surat', 370.00, 'Pc0014', 2023, 3200.00, '2021-01-01'),
(1000000010, 'Gujarat', 'Surat', 380.00, 'Pc0014', 2024, 3200.00, '2021-01-01'),
(1000000010, 'Gujarat', 'Surat', 390.00, 'Pc0014', 2025, 3200.00, '2021-01-01');

INSERT INTO Branch (RegNo, "State", City, BranchCredits, POCID, "Year", Size, StartDate) VALUES
(1000000011, 'Odisha', 'Bhubaneswar', 500.00, 'Pc0007', 2016, 4000.00, '2013-01-01'),
(1000000011, 'Odisha', 'Bhubaneswar', 520.00, 'Pc0007', 2017, 4000.00, '2013-01-01'),
(1000000011, 'Odisha', 'Bhubaneswar', 540.00, 'Pc0007', 2018, 4000.00, '2013-01-01'),
(1000000011, 'Odisha', 'Bhubaneswar', 560.00, 'Pc0007', 2019, 4000.00, '2013-01-01'),
(1000000011, 'Odisha', 'Bhubaneswar', 580.00, 'Pc0007', 2020, 4000.00, '2013-01-01'),
(1000000011, 'Odisha', 'Bhubaneswar', 600.00, 'Pc0007', 2021, 4000.00, '2013-01-01'),
(1000000011, 'Odisha', 'Bhubaneswar', 620.00, 'Pc0007', 2022, 4000.00, '2013-01-01'),
(1000000011, 'Odisha', 'Bhubaneswar', 640.00, 'Pc0007', 2023, 4000.00, '2013-01-01'),
(1000000011, 'Odisha', 'Bhubaneswar', 660.00, 'Pc0007', 2024, 4000.00, '2013-01-01'),
(1000000011, 'Odisha', 'Bhubaneswar', 680.00, 'Pc0007', 2025, 4000.00, '2013-01-01');

INSERT INTO Branch (RegNo, "State", City, BranchCredits, POCID, "Year", Size, StartDate) VALUES
(1000000011, 'Odisha', 'Cuttack', 350.00, 'Pc0011', 2018, 3500.00, '2018-01-01'),
(1000000011, 'Odisha', 'Cuttack', 365.00, 'Pc0011', 2019, 3500.00, '2018-01-01'),
(1000000011, 'Odisha', 'Cuttack', 380.00, 'Pc0011', 2020, 3500.00, '2018-01-01'),
(1000000011, 'Odisha', 'Cuttack', 395.00, 'Pc0011', 2021, 3500.00, '2018-01-01'),
(1000000011, 'Odisha', 'Cuttack', 410.00, 'Pc0011', 2022, 3500.00, '2018-01-01'),
(1000000011, 'Odisha', 'Cuttack', 425.00, 'Pc0011', 2023, 3500.00, '2018-01-01'),
(1000000011, 'Odisha', 'Cuttack', 440.00, 'Pc0011', 2024, 3500.00, '2018-01-01'),
(1000000011, 'Odisha', 'Cuttack', 455.00, 'Pc0011', 2025, 3500.00, '2018-01-01');

INSERT INTO Branch (RegNo, "State", City, BranchCredits, POCID, "Year", Size, StartDate) VALUES
(1000000011, 'Odisha', 'Rourkela', 300.00, 'Pc0009', 2021, 3200.00, '2021-01-01'),
(1000000011, 'Odisha', 'Rourkela', 310.00, 'Pc0009', 2022, 3200.00, '2021-01-01'),
(1000000011, 'Odisha', 'Rourkela', 320.00, 'Pc0009', 2023, 3200.00, '2021-01-01'),
(1000000011, 'Odisha', 'Rourkela', 330.00, 'Pc0009', 2024, 3200.00, '2021-01-01'),
(1000000011, 'Odisha', 'Rourkela', 340.00, 'Pc0009', 2025, 3200.00, '2021-01-01');

INSERT INTO Branch (RegNo, "State", City, BranchCredits, POCID, "Year", Size, StartDate) VALUES
(1000000011, 'Odisha', 'Sambalpur', 200.00, 'Pc0013', 2023, 3000.00, '2023-01-01'),
(1000000011, 'Odisha', 'Sambalpur', 205.00, 'Pc0013', 2024, 3000.00, '2023-01-01'),
(1000000011, 'Odisha', 'Sambalpur', 210.00, 'Pc0013', 2025, 3000.00, '2023-01-01');

INSERT INTO Branch (RegNo, "State", City, BranchCredits, POCID, "Year", Size, StartDate) VALUES
(1000000012, 'Punjab', 'Ludhiana', 480.00, 'Pc0004', 2016, 4000.00, '2011-01-01'),
(1000000012, 'Punjab', 'Ludhiana', 500.00, 'Pc0004', 2017, 4000.00, '2011-01-01'),
(1000000012, 'Punjab', 'Ludhiana', 520.00, 'Pc0004', 2018, 4000.00, '2011-01-01'),
(1000000012, 'Punjab', 'Ludhiana', 540.00, 'Pc0004', 2019, 4000.00, '2011-01-01'),
(1000000012, 'Punjab', 'Ludhiana', 560.00, 'Pc0004', 2020, 4000.00, '2011-01-01'),
(1000000012, 'Punjab', 'Ludhiana', 580.00, 'Pc0004', 2021, 4000.00, '2011-01-01'),
(1000000012, 'Punjab', 'Ludhiana', 600.00, 'Pc0004', 2022, 4000.00, '2011-01-01'),
(1000000012, 'Punjab', 'Ludhiana', 620.00, 'Pc0004', 2023, 4000.00, '2011-01-01'),
(1000000012, 'Punjab', 'Ludhiana', 640.00, 'Pc0004', 2024, 4000.00, '2011-01-01'),
(1000000012, 'Punjab', 'Ludhiana', 660.00, 'Pc0004', 2025, 4000.00, '2011-01-01');

INSERT INTO Branch (RegNo, "State", City, BranchCredits, POCID, "Year", Size, StartDate) VALUES
(1000000012, 'Punjab', 'Amritsar', 350.00, 'Pc0008', 2018, 3500.00, '2018-01-01'),
(1000000012, 'Punjab', 'Amritsar', 365.00, 'Pc0008', 2019, 3500.00, '2018-01-01'),
(1000000012, 'Punjab', 'Amritsar', 380.00, 'Pc0008', 2020, 3500.00, '2018-01-01'),
(1000000012, 'Punjab', 'Amritsar', 395.00, 'Pc0008', 2021, 3500.00, '2018-01-01'),
(1000000012, 'Punjab', 'Amritsar', 410.00, 'Pc0008', 2022, 3500.00, '2018-01-01'),
(1000000012, 'Punjab', 'Amritsar', 425.00, 'Pc0008', 2023, 3500.00, '2018-01-01'),
(1000000012, 'Punjab', 'Amritsar', 440.00, 'Pc0008', 2024, 3500.00, '2018-01-01'),
(1000000012, 'Punjab', 'Amritsar', 455.00, 'Pc0008', 2025, 3500.00, '2018-01-01');

INSERT INTO Branch (RegNo, "State", City, BranchCredits, POCID, "Year", Size, StartDate) VALUES
(1000000012, 'Punjab', 'Jalandhar', 300.00, 'Pc0010', 2021, 3200.00, '2021-01-01'),
(1000000012, 'Punjab', 'Jalandhar', 310.00, 'Pc0010', 2022, 3200.00, '2021-01-01'),
(1000000012, 'Punjab', 'Jalandhar', 320.00, 'Pc0010', 2023, 3200.00, '2021-01-01'),
(1000000012, 'Punjab', 'Jalandhar', 330.00, 'Pc0010', 2024, 3200.00, '2021-01-01'),
(1000000012, 'Punjab', 'Jalandhar', 340.00, 'Pc0010', 2025, 3200.00, '2021-01-01');

INSERT INTO Branch (RegNo, "State", City, BranchCredits, POCID, "Year", Size, StartDate) VALUES
(1000000012, 'Punjab', 'Chandigarh', 220.00, 'Pc0009', 2023, 3000.00, '2023-01-01'),
(1000000012, 'Punjab', 'Chandigarh', 225.00, 'Pc0009', 2024, 3000.00, '2023-01-01'),
(1000000012, 'Punjab', 'Chandigarh', 230.00, 'Pc0009', 2025, 3000.00, '2023-01-01');

INSERT INTO Branch (RegNo, "State", City, BranchCredits, POCID, "Year", Size, StartDate) VALUES
(1000000013, 'Uttarakhand', 'Dehradun', 550.00, 'Pc0009', 2016, 4000.00, '2006-01-01'),
(1000000013, 'Uttarakhand', 'Dehradun', 570.00, 'Pc0009', 2017, 4000.00, '2006-01-01'),
(1000000013, 'Uttarakhand', 'Dehradun', 590.00, 'Pc0009', 2018, 4000.00, '2006-01-01'),
(1000000013, 'Uttarakhand', 'Dehradun', 610.00, 'Pc0009', 2019, 4000.00, '2006-01-01'),
(1000000013, 'Uttarakhand', 'Dehradun', 630.00, 'Pc0009', 2020, 4000.00, '2006-01-01'),
(1000000013, 'Uttarakhand', 'Dehradun', 650.00, 'Pc0009', 2021, 4000.00, '2006-01-01'),
(1000000013, 'Uttarakhand', 'Dehradun', 670.00, 'Pc0009', 2022, 4000.00, '2006-01-01'),
(1000000013, 'Uttarakhand', 'Dehradun', 690.00, 'Pc0009', 2023, 4000.00, '2006-01-01'),
(1000000013, 'Uttarakhand', 'Dehradun', 710.00, 'Pc0009', 2024, 4000.00, '2006-01-01'),
(1000000013, 'Uttarakhand', 'Dehradun', 730.00, 'Pc0009', 2025, 4000.00, '2006-01-01');

INSERT INTO Branch (RegNo, "State", City, BranchCredits, POCID, "Year", Size, StartDate) VALUES
(1000000013, 'Uttarakhand', 'Haridwar', 360.00, 'Pc0012', 2018, 3500.00, '2018-01-01'),
(1000000013, 'Uttarakhand', 'Haridwar', 375.00, 'Pc0012', 2019, 3500.00, '2018-01-01'),
(1000000013, 'Uttarakhand', 'Haridwar', 390.00, 'Pc0012', 2020, 3500.00, '2018-01-01'),
(1000000013, 'Uttarakhand', 'Haridwar', 405.00, 'Pc0012', 2021, 3500.00, '2018-01-01'),
(1000000013, 'Uttarakhand', 'Haridwar', 420.00, 'Pc0012', 2022, 3500.00, '2018-01-01'),
(1000000013, 'Uttarakhand', 'Haridwar', 435.00, 'Pc0012', 2023, 3500.00, '2018-01-01'),
(1000000013, 'Uttarakhand', 'Haridwar', 450.00, 'Pc0012', 2024, 3500.00, '2018-01-01'),
(1000000013, 'Uttarakhand', 'Haridwar', 465.00, 'Pc0012', 2025, 3500.00, '2018-01-01');

INSERT INTO Branch (RegNo, "State", City, BranchCredits, POCID, "Year", Size, StartDate) VALUES
(1000000013, 'Uttarakhand', 'Roorkee', 280.00, 'Pc0010', 2021, 3200.00, '2021-01-01'),
(1000000013, 'Uttarakhand', 'Roorkee', 290.00, 'Pc0010', 2022, 3200.00, '2021-01-01'),
(1000000013, 'Uttarakhand', 'Roorkee', 300.00, 'Pc0010', 2023, 3200.00, '2021-01-01'),
(1000000013, 'Uttarakhand', 'Roorkee', 310.00, 'Pc0010', 2024, 3200.00, '2021-01-01'),
(1000000013, 'Uttarakhand', 'Roorkee', 320.00, 'Pc0010', 2025, 3200.00, '2021-01-01');

INSERT INTO Branch (RegNo, "State", City, BranchCredits, POCID, "Year", Size, StartDate) VALUES
(1000000013, 'Uttarakhand', 'Nainital', 200.00, 'Pc0007', 2023, 3000.00, '2023-01-01'),
(1000000013, 'Uttarakhand', 'Nainital', 205.00, 'Pc0007', 2024, 3000.00, '2023-01-01'),
(1000000013, 'Uttarakhand', 'Nainital', 210.00, 'Pc0007', 2025, 3000.00, '2023-01-01');

INSERT INTO Branch (RegNo, "State", City, BranchCredits, POCID, "Year", Size, StartDate) VALUES
(1000000014, 'Kerala', 'Kochi', 500.00, 'Pc0010', 2016, 4000.00, '2007-01-01'),
(1000000014, 'Kerala', 'Kochi', 520.00, 'Pc0010', 2017, 4000.00, '2007-01-01'),
(1000000014, 'Kerala', 'Kochi', 540.00, 'Pc0010', 2018, 4000.00, '2007-01-01'),
(1000000014, 'Kerala', 'Kochi', 560.00, 'Pc0010', 2019, 4000.00, '2007-01-01'),
(1000000014, 'Kerala', 'Kochi', 580.00, 'Pc0010', 2020, 4000.00, '2007-01-01'),
(1000000014, 'Kerala', 'Kochi', 600.00, 'Pc0010', 2021, 4000.00, '2007-01-01'),
(1000000014, 'Kerala', 'Kochi', 620.00, 'Pc0010', 2022, 4000.00, '2007-01-01'),
(1000000014, 'Kerala', 'Kochi', 640.00, 'Pc0010', 2023, 4000.00, '2007-01-01'),
(1000000014, 'Kerala', 'Kochi', 660.00, 'Pc0010', 2024, 4000.00, '2007-01-01'),
(1000000014, 'Kerala', 'Kochi', 680.00, 'Pc0010', 2025, 4000.00, '2007-01-01');

INSERT INTO Branch (RegNo, "State", City, BranchCredits, POCID, "Year", Size, StartDate) VALUES
(1000000014, 'Kerala', 'Kozhikode', 350.00, 'Pc0007', 2018, 3500.00, '2018-01-01'),
(1000000014, 'Kerala', 'Kozhikode', 365.00, 'Pc0007', 2019, 3500.00, '2018-01-01'),
(1000000014, 'Kerala', 'Kozhikode', 380.00, 'Pc0007', 2020, 3500.00, '2018-01-01'),
(1000000014, 'Kerala', 'Kozhikode', 395.00, 'Pc0007', 2021, 3500.00, '2018-01-01'),
(1000000014, 'Kerala', 'Kozhikode', 410.00, 'Pc0007', 2022, 3500.00, '2018-01-01'),
(1000000014, 'Kerala', 'Kozhikode', 425.00, 'Pc0007', 2023, 3500.00, '2018-01-01'),
(1000000014, 'Kerala', 'Kozhikode', 440.00, 'Pc0007', 2024, 3500.00, '2018-01-01'),
(1000000014, 'Kerala', 'Kozhikode', 455.00, 'Pc0007', 2025, 3500.00, '2018-01-01');

INSERT INTO Branch (RegNo, "State", City, BranchCredits, POCID, "Year", Size, StartDate) VALUES
(1000000014, 'Kerala', 'Trivandrum', 300.00, 'Pc0011', 2021, 3200.00, '2021-01-01'),
(1000000014, 'Kerala', 'Trivandrum', 310.00, 'Pc0011', 2022, 3200.00, '2021-01-01'),
(1000000014, 'Kerala', 'Trivandrum', 320.00, 'Pc0011', 2023, 3200.00, '2021-01-01'),
(1000000014, 'Kerala', 'Trivandrum', 330.00, 'Pc0011', 2024, 3200.00, '2021-01-01'),
(1000000014, 'Kerala', 'Trivandrum', 340.00, 'Pc0011', 2025, 3200.00, '2021-01-01');

INSERT INTO Branch (RegNo, "State", City, BranchCredits, POCID, "Year", Size, StartDate) VALUES
(1000000014, 'Kerala', 'Kollam', 220.00, 'Pc0009', 2023, 3000.00, '2023-01-01'),
(1000000014, 'Kerala', 'Kollam', 225.00, 'Pc0009', 2024, 3000.00, '2023-01-01'),
(1000000014, 'Kerala', 'Kollam', 230.00, 'Pc0009', 2025, 3000.00, '2023-01-01');

INSERT INTO Branch (RegNo, "State", City, BranchCredits, POCID, "Year", Size, StartDate) VALUES
(1000000015, 'Telangana', 'Hyderabad', 600.00, 'Pc0011', 2018, 4000.00, '2018-01-01'),
(1000000015, 'Telangana', 'Hyderabad', 625.00, 'Pc0011', 2019, 4000.00, '2018-01-01'),
(1000000015, 'Telangana', 'Hyderabad', 650.00, 'Pc0011', 2020, 4000.00, '2018-01-01'),
(1000000015, 'Telangana', 'Hyderabad', 675.00, 'Pc0011', 2021, 4000.00, '2018-01-01'),
(1000000015, 'Telangana', 'Hyderabad', 700.00, 'Pc0011', 2022, 4000.00, '2018-01-01'),
(1000000015, 'Telangana', 'Hyderabad', 725.00, 'Pc0011', 2023, 4000.00, '2018-01-01'),
(1000000015, 'Telangana', 'Hyderabad', 750.00, 'Pc0011', 2024, 4000.00, '2018-01-01'),
(1000000015, 'Telangana', 'Hyderabad', 775.00, 'Pc0011', 2025, 4000.00, '2018-01-01');

INSERT INTO Branch (RegNo, "State", City, BranchCredits, POCID, "Year", Size, StartDate) VALUES
(1000000015, 'Telangana', 'Secunderabad', 400.00, 'Pc0003', 2018, 3500.00, '2018-01-01'),
(1000000015, 'Telangana', 'Secunderabad', 415.00, 'Pc0003', 2019, 3500.00, '2018-01-01'),
(1000000015, 'Telangana', 'Secunderabad', 430.00, 'Pc0003', 2020, 3500.00, '2018-01-01'),
(1000000015, 'Telangana', 'Secunderabad', 445.00, 'Pc0003', 2021, 3500.00, '2018-01-01'),
(1000000015, 'Telangana', 'Secunderabad', 460.00, 'Pc0003', 2022, 3500.00, '2018-01-01'),
(1000000015, 'Telangana', 'Secunderabad', 475.00, 'Pc0003', 2023, 3500.00, '2018-01-01'),
(1000000015, 'Telangana', 'Secunderabad', 490.00, 'Pc0003', 2024, 3500.00, '2018-01-01'),
(1000000015, 'Telangana', 'Secunderabad', 505.00, 'Pc0003', 2025, 3500.00, '2018-01-01');

INSERT INTO Branch (RegNo, "State", City, BranchCredits, POCID, "Year", Size, StartDate) VALUES
(1000000015, 'Telangana', 'Warangal', 300.00, 'Pc0007', 2021, 3200.00, '2021-01-01'),
(1000000015, 'Telangana', 'Warangal', 310.00, 'Pc0007', 2022, 3200.00, '2021-01-01'),
(1000000015, 'Telangana', 'Warangal', 320.00, 'Pc0007', 2023, 3200.00, '2021-01-01'),
(1000000015, 'Telangana', 'Warangal', 330.00, 'Pc0007', 2024, 3200.00, '2021-01-01'),
(1000000015, 'Telangana', 'Warangal', 340.00, 'Pc0007', 2025, 3200.00, '2021-01-01');

INSERT INTO Branch (RegNo, "State", City, BranchCredits, POCID, "Year", Size, StartDate) VALUES
(1000000015, 'Telangana', 'Nizamabad', 220.00, 'Pc0007', 2023, 3000.00, '2023-01-01'),
(1000000015, 'Telangana', 'Nizamabad', 225.00, 'Pc0007', 2024, 3000.00, '2023-01-01'),
(1000000015, 'Telangana', 'Nizamabad', 230.00, 'Pc0007', 2025, 3000.00, '2023-01-01');

INSERT INTO Branch (RegNo, "State", City, BranchCredits, POCID, "Year", Size, StartDate) VALUES
(1000000016, 'Maharashtra', 'Nagpur', 550.00, 'Pc0002', 2016, 4000.00, '2003-01-01'),
(1000000016, 'Maharashtra', 'Nagpur', 570.00, 'Pc0002', 2017, 4000.00, '2003-01-01'),
(1000000016, 'Maharashtra', 'Nagpur', 590.00, 'Pc0002', 2018, 4000.00, '2003-01-01'),
(1000000016, 'Maharashtra', 'Nagpur', 610.00, 'Pc0002', 2019, 4000.00, '2003-01-01'),
(1000000016, 'Maharashtra', 'Nagpur', 630.00, 'Pc0002', 2020, 4000.00, '2003-01-01'),
(1000000016, 'Maharashtra', 'Nagpur', 650.00, 'Pc0002', 2021, 4000.00, '2003-01-01'),
(1000000016, 'Maharashtra', 'Nagpur', 670.00, 'Pc0002', 2022, 4000.00, '2003-01-01'),
(1000000016, 'Maharashtra', 'Nagpur', 690.00, 'Pc0002', 2023, 4000.00, '2003-01-01'),
(1000000016, 'Maharashtra', 'Nagpur', 710.00, 'Pc0002', 2024, 4000.00, '2003-01-01'),
(1000000016, 'Maharashtra', 'Nagpur', 730.00, 'Pc0002', 2025, 4000.00, '2003-01-01');

INSERT INTO Branch (RegNo, "State", City, BranchCredits, POCID, "Year", Size, StartDate) VALUES
(1000000016, 'Maharashtra', 'Aurangabad', 350.00, 'Pc0013', 2018, 3500.00, '2018-01-01'),
(1000000016, 'Maharashtra', 'Aurangabad', 365.00, 'Pc0013', 2019, 3500.00, '2018-01-01'),
(1000000016, 'Maharashtra', 'Aurangabad', 380.00, 'Pc0013', 2020, 3500.00, '2018-01-01'),
(1000000016, 'Maharashtra', 'Aurangabad', 395.00, 'Pc0013', 2021, 3500.00, '2018-01-01'),
(1000000016, 'Maharashtra', 'Aurangabad', 410.00, 'Pc0013', 2022, 3500.00, '2018-01-01'),
(1000000016, 'Maharashtra', 'Aurangabad', 425.00, 'Pc0013', 2023, 3500.00, '2018-01-01'),
(1000000016, 'Maharashtra', 'Aurangabad', 440.00, 'Pc0013', 2024, 3500.00, '2018-01-01'),
(1000000016, 'Maharashtra', 'Aurangabad', 455.00, 'Pc0013', 2025, 3500.00, '2018-01-01');

INSERT INTO Branch (RegNo, "State", City, BranchCredits, POCID, "Year", Size, StartDate) VALUES
(1000000016, 'Maharashtra', 'Pune', 300.00, 'Pc0007', 2021, 3200.00, '2021-01-01'),
(1000000016, 'Maharashtra', 'Pune', 310.00, 'Pc0007', 2022, 3200.00, '2021-01-01'),
(1000000016, 'Maharashtra', 'Pune', 320.00, 'Pc0007', 2023, 3200.00, '2021-01-01'),
(1000000016, 'Maharashtra', 'Pune', 330.00, 'Pc0007', 2024, 3200.00, '2021-01-01'),
(1000000016, 'Maharashtra', 'Pune', 340.00, 'Pc0007', 2025, 3200.00, '2021-01-01');

INSERT INTO Branch (RegNo, "State", City, BranchCredits, POCID, "Year", Size, StartDate) VALUES
(1000000016, 'Maharashtra', 'Mumbai', 220.00, 'Pc0007', 2023, 3000.00, '2023-01-01'),
(1000000016, 'Maharashtra', 'Mumbai', 225.00, 'Pc0007', 2024, 3000.00, '2023-01-01'),
(1000000016, 'Maharashtra', 'Mumbai', 230.00, 'Pc0007', 2025, 3000.00, '2023-01-01');

INSERT INTO Branch (RegNo, "State", City, BranchCredits, POCID, "Year", Size, StartDate) VALUES
(1000000017, 'Andhra Pradesh', 'Vijayawada', 500.00, 'Pc0008', 2016, 4000.00, '2014-01-01'),
(1000000017, 'Andhra Pradesh', 'Vijayawada', 520.00, 'Pc0008', 2017, 4000.00, '2014-01-01'),
(1000000017, 'Andhra Pradesh', 'Vijayawada', 540.00, 'Pc0008', 2018, 4000.00, '2014-01-01'),
(1000000017, 'Andhra Pradesh', 'Vijayawada', 560.00, 'Pc0008', 2019, 4000.00, '2014-01-01'),
(1000000017, 'Andhra Pradesh', 'Vijayawada', 580.00, 'Pc0008', 2020, 4000.00, '2014-01-01'),
(1000000017, 'Andhra Pradesh', 'Vijayawada', 600.00, 'Pc0008', 2021, 4000.00, '2014-01-01'),
(1000000017, 'Andhra Pradesh', 'Vijayawada', 620.00, 'Pc0008', 2022, 4000.00, '2014-01-01'),
(1000000017, 'Andhra Pradesh', 'Vijayawada', 640.00, 'Pc0008', 2023, 4000.00, '2014-01-01'),
(1000000017, 'Andhra Pradesh', 'Vijayawada', 660.00, 'Pc0008', 2024, 4000.00, '2014-01-01'),
(1000000017, 'Andhra Pradesh', 'Vijayawada', 680.00, 'Pc0008', 2025, 4000.00, '2014-01-01');

INSERT INTO Branch (RegNo, "State", City, BranchCredits, POCID, "Year", Size, StartDate) VALUES
(1000000017, 'Andhra Pradesh', 'Visakhapatnam', 350.00, 'Pc0012', 2018, 3500.00, '2018-01-01'),
(1000000017, 'Andhra Pradesh', 'Visakhapatnam', 365.00, 'Pc0012', 2019, 3500.00, '2018-01-01'),
(1000000017, 'Andhra Pradesh', 'Visakhapatnam', 380.00, 'Pc0012', 2020, 3500.00, '2018-01-01'),
(1000000017, 'Andhra Pradesh', 'Visakhapatnam', 395.00, 'Pc0012', 2021, 3500.00, '2018-01-01'),
(1000000017, 'Andhra Pradesh', 'Visakhapatnam', 410.00, 'Pc0012', 2022, 3500.00, '2018-01-01'),
(1000000017, 'Andhra Pradesh', 'Visakhapatnam', 425.00, 'Pc0012', 2023, 3500.00, '2018-01-01'),
(1000000017, 'Andhra Pradesh', 'Visakhapatnam', 440.00, 'Pc0012', 2024, 3500.00, '2018-01-01'),
(1000000017, 'Andhra Pradesh', 'Visakhapatnam', 455.00, 'Pc0012', 2025, 3500.00, '2018-01-01');

INSERT INTO Branch (RegNo, "State", City, BranchCredits, POCID, "Year", Size, StartDate) VALUES
(1000000017, 'Andhra Pradesh', 'Tirupati', 300.00, 'Pc0010', 2021, 3200.00, '2021-01-01'),
(1000000017, 'Andhra Pradesh', 'Tirupati', 310.00, 'Pc0010', 2022, 3200.00, '2021-01-01'),
(1000000017, 'Andhra Pradesh', 'Tirupati', 320.00, 'Pc0010', 2023, 3200.00, '2021-01-01'),
(1000000017, 'Andhra Pradesh', 'Tirupati', 330.00, 'Pc0010', 2024, 3200.00, '2021-01-01'),
(1000000017, 'Andhra Pradesh', 'Tirupati', 340.00, 'Pc0010', 2025, 3200.00, '2021-01-01');

INSERT INTO Branch (RegNo, "State", City, BranchCredits, POCID, "Year", Size, StartDate) VALUES
(1000000017, 'Andhra Pradesh', 'Kurnool', 220.00, 'Pc0007', 2023, 3000.00, '2023-01-01'),
(1000000017, 'Andhra Pradesh', 'Kurnool', 225.00, 'Pc0007', 2024, 3000.00, '2023-01-01'),
(1000000017, 'Andhra Pradesh', 'Kurnool', 230.00, 'Pc0007', 2025, 3000.00, '2023-01-01');

INSERT INTO Branch (RegNo, "State", City, BranchCredits, POCID, "Year", Size, StartDate) VALUES
(1000000018, 'Bihar', 'Patna', 480.00, 'Pc0003', 2019, 4000.00, '2019-01-01'),
(1000000018, 'Bihar', 'Patna', 500.00, 'Pc0003', 2020, 4000.00, '2019-01-01'),
(1000000018, 'Bihar', 'Patna', 520.00, 'Pc0003', 2021, 4000.00, '2019-01-01'),
(1000000018, 'Bihar', 'Patna', 540.00, 'Pc0003', 2022, 4000.00, '2019-01-01'),
(1000000018, 'Bihar', 'Patna', 560.00, 'Pc0003', 2023, 4000.00, '2019-01-01'),
(1000000018, 'Bihar', 'Patna', 580.00, 'Pc0003', 2024, 4000.00, '2019-01-01'),
(1000000018, 'Bihar', 'Patna', 600.00, 'Pc0003', 2025, 4000.00, '2019-01-01');

INSERT INTO Branch (RegNo, "State", City, BranchCredits, POCID, "Year", Size, StartDate) VALUES
(1000000018, 'Bihar', 'Gaya', 350.00, 'Pc0010', 2019, 3500.00, '2019-01-01'),
(1000000018, 'Bihar', 'Gaya', 365.00, 'Pc0010', 2020, 3500.00, '2019-01-01'),
(1000000018, 'Bihar', 'Gaya', 380.00, 'Pc0010', 2021, 3500.00, '2019-01-01'),
(1000000018, 'Bihar', 'Gaya', 395.00, 'Pc0010', 2022, 3500.00, '2019-01-01'),
(1000000018, 'Bihar', 'Gaya', 410.00, 'Pc0010', 2023, 3500.00, '2019-01-01'),
(1000000018, 'Bihar', 'Gaya', 425.00, 'Pc0010', 2024, 3500.00, '2019-01-01'),
(1000000018, 'Bihar', 'Gaya', 440.00, 'Pc0010', 2025, 3500.00, '2019-01-01');

INSERT INTO Branch (RegNo, "State", City, BranchCredits, POCID, "Year", Size, StartDate) VALUES
(1000000018, 'Bihar', 'Bhagalpur', 250.00, 'Pc0007', 2021, 3200.00, '2021-01-01'),
(1000000018, 'Bihar', 'Bhagalpur', 260.00, 'Pc0007', 2022, 3200.00, '2021-01-01'),
(1000000018, 'Bihar', 'Bhagalpur', 270.00, 'Pc0007', 2023, 3200.00, '2021-01-01'),
(1000000018, 'Bihar', 'Bhagalpur', 280.00, 'Pc0007', 2024, 3200.00, '2021-01-01'),
(1000000018, 'Bihar', 'Bhagalpur', 290.00, 'Pc0007', 2025, 3200.00, '2021-01-01');

INSERT INTO Branch (RegNo, "State", City, BranchCredits, POCID, "Year", Size, StartDate) VALUES
(1000000018, 'Bihar', 'Muzaffarpur', 180.00, 'Pc0010', 2023, 3000.00, '2023-01-01'),
(1000000018, 'Bihar', 'Muzaffarpur', 185.00, 'Pc0010', 2024, 3000.00, '2023-01-01'),
(1000000018, 'Bihar', 'Muzaffarpur', 190.00, 'Pc0010', 2025, 3000.00, '2023-01-01');

INSERT INTO Branch (RegNo, "State", City, BranchCredits, POCID, "Year", Size, StartDate) VALUES
(1000000019, 'Rajasthan', 'Jaipur', 520.00, 'Pc0005', 2016, 4000.00, '2000-01-01'),
(1000000019, 'Rajasthan', 'Jaipur', 540.00, 'Pc0005', 2017, 4000.00, '2000-01-01'),
(1000000019, 'Rajasthan', 'Jaipur', 560.00, 'Pc0005', 2018, 4000.00, '2000-01-01'),
(1000000019, 'Rajasthan', 'Jaipur', 580.00, 'Pc0005', 2019, 4000.00, '2000-01-01'),
(1000000019, 'Rajasthan', 'Jaipur', 600.00, 'Pc0005', 2020, 4000.00, '2000-01-01'),
(1000000019, 'Rajasthan', 'Jaipur', 620.00, 'Pc0005', 2021, 4000.00, '2000-01-01'),
(1000000019, 'Rajasthan', 'Jaipur', 640.00, 'Pc0005', 2022, 4000.00, '2000-01-01'),
(1000000019, 'Rajasthan', 'Jaipur', 660.00, 'Pc0005', 2023, 4000.00, '2000-01-01'),
(1000000019, 'Rajasthan', 'Jaipur', 680.00, 'Pc0005', 2024, 4000.00, '2000-01-01'),
(1000000019, 'Rajasthan', 'Jaipur', 700.00, 'Pc0005', 2025, 4000.00, '2000-01-01');

INSERT INTO Branch (RegNo, "State", City, BranchCredits, POCID, "Year", Size, StartDate) VALUES
(1000000019, 'Rajasthan', 'Jodhpur', 360.00, 'Pc0011', 2018, 3500.00, '2018-01-01'),
(1000000019, 'Rajasthan', 'Jodhpur', 375.00, 'Pc0011', 2019, 3500.00, '2018-01-01'),
(1000000019, 'Rajasthan', 'Jodhpur', 390.00, 'Pc0011', 2020, 3500.00, '2018-01-01'),
(1000000019, 'Rajasthan', 'Jodhpur', 405.00, 'Pc0011', 2021, 3500.00, '2018-01-01'),
(1000000019, 'Rajasthan', 'Jodhpur', 420.00, 'Pc0011', 2022, 3500.00, '2018-01-01'),
(1000000019, 'Rajasthan', 'Jodhpur', 435.00, 'Pc0011', 2023, 3500.00, '2018-01-01'),
(1000000019, 'Rajasthan', 'Jodhpur', 450.00, 'Pc0011', 2024, 3500.00, '2018-01-01'),
(1000000019, 'Rajasthan', 'Jodhpur', 465.00, 'Pc0011', 2025, 3500.00, '2018-01-01');

INSERT INTO Branch (RegNo, "State", City, BranchCredits, POCID, "Year", Size, StartDate) VALUES
(1000000019, 'Rajasthan', 'Udaipur', 280.00, 'Pc0010', 2021, 3200.00, '2021-01-01'),
(1000000019, 'Rajasthan', 'Udaipur', 290.00, 'Pc0010', 2022, 3200.00, '2021-01-01'),
(1000000019, 'Rajasthan', 'Udaipur', 300.00, 'Pc0010', 2023, 3200.00, '2021-01-01'),
(1000000019, 'Rajasthan', 'Udaipur', 310.00, 'Pc0010', 2024, 3200.00, '2021-01-01'),
(1000000019, 'Rajasthan', 'Udaipur', 320.00, 'Pc0010', 2025, 3200.00, '2021-01-01');

INSERT INTO Branch (RegNo, "State", City, BranchCredits, POCID, "Year", Size, StartDate) VALUES
(1000000019, 'Rajasthan', 'Bikaner', 200.00, 'Pc0007', 2023, 3000.00, '2023-01-01'),
(1000000019, 'Rajasthan', 'Bikaner', 205.00, 'Pc0007', 2024, 3000.00, '2023-01-01'),
(1000000019, 'Rajasthan', 'Bikaner', 210.00, 'Pc0007', 2025, 3000.00, '2023-01-01');

INSERT INTO Branch (RegNo, "State", City, BranchCredits, POCID, "Year", Size, StartDate) VALUES
(1000000020, 'Uttar Pradesh', 'Noida', 500.00, 'Pc0004', 2016, 4000.00, '2004-01-01'),
(1000000020, 'Uttar Pradesh', 'Noida', 520.00, 'Pc0004', 2017, 4000.00, '2004-01-01'),
(1000000020, 'Uttar Pradesh', 'Noida', 540.00, 'Pc0004', 2018, 4000.00, '2004-01-01'),
(1000000020, 'Uttar Pradesh', 'Noida', 560.00, 'Pc0004', 2019, 4000.00, '2004-01-01'),
(1000000020, 'Uttar Pradesh', 'Noida', 580.00, 'Pc0004', 2020, 4000.00, '2004-01-01'),
(1000000020, 'Uttar Pradesh', 'Noida', 600.00, 'Pc0004', 2021, 4000.00, '2004-01-01'),
(1000000020, 'Uttar Pradesh', 'Noida', 620.00, 'Pc0004', 2022, 4000.00, '2004-01-01'),
(1000000020, 'Uttar Pradesh', 'Noida', 640.00, 'Pc0004', 2023, 4000.00, '2004-01-01'),
(1000000020, 'Uttar Pradesh', 'Noida', 660.00, 'Pc0004', 2024, 4000.00, '2004-01-01'),
(1000000020, 'Uttar Pradesh', 'Noida', 680.00, 'Pc0004', 2025, 4000.00, '2004-01-01');

INSERT INTO Branch (RegNo, "State", City, BranchCredits, POCID, "Year", Size, StartDate) VALUES
(1000000020, 'Uttar Pradesh', 'Ghaziabad', 350.00, 'Pc0013', 2018, 3500.00, '2018-01-01'),
(1000000020, 'Uttar Pradesh', 'Ghaziabad', 365.00, 'Pc0013', 2019, 3500.00, '2018-01-01'),
(1000000020, 'Uttar Pradesh', 'Ghaziabad', 380.00, 'Pc0013', 2020, 3500.00, '2018-01-01'),
(1000000020, 'Uttar Pradesh', 'Ghaziabad', 395.00, 'Pc0013', 2021, 3500.00, '2018-01-01'),
(1000000020, 'Uttar Pradesh', 'Ghaziabad', 410.00, 'Pc0013', 2022, 3500.00, '2018-01-01'),
(1000000020, 'Uttar Pradesh', 'Ghaziabad', 425.00, 'Pc0013', 2023, 3500.00, '2018-01-01'),
(1000000020, 'Uttar Pradesh', 'Ghaziabad', 440.00, 'Pc0013', 2024, 3500.00, '2018-01-01'),
(1000000020, 'Uttar Pradesh', 'Ghaziabad', 455.00, 'Pc0013', 2025, 3500.00, '2018-01-01');

INSERT INTO Branch (RegNo, "State", City, BranchCredits, POCID, "Year", Size, StartDate) VALUES
(1000000020, 'Maharashtra', 'Nashik', 300.00, 'Pc0007', 2021, 3200.00, '2021-01-01'),
(1000000020, 'Maharashtra', 'Nashik', 310.00, 'Pc0007', 2022, 3200.00, '2021-01-01'),
(1000000020, 'Maharashtra', 'Nashik', 320.00, 'Pc0007', 2023, 3200.00, '2021-01-01'),
(1000000020, 'Maharashtra', 'Nashik', 330.00, 'Pc0007', 2024, 3200.00, '2021-01-01'),
(1000000020, 'Maharashtra', 'Nashik', 340.00, 'Pc0007', 2025, 3200.00, '2021-01-01');

INSERT INTO Branch (RegNo, "State", City, BranchCredits, POCID, "Year", Size, StartDate) VALUES
(1000000020, 'Maharashtra', 'Mumbai', 220.00, 'Pc0007', 2023, 3000.00, '2023-01-01'),
(1000000020, 'Maharashtra', 'Mumbai', 225.00, 'Pc0007', 2024, 3000.00, '2023-01-01'),
(1000000020, 'Maharashtra', 'Mumbai', 230.00, 'Pc0007', 2025, 3000.00, '2023-01-01');

INSERT INTO Branch (RegNo, "State", City, BranchCredits, POCID, "Year", Size, StartDate) VALUES
(1000000021, 'Tamil Nadu', 'Chennai', 500.00, 'Pc0004', 2016, 4000.00, '2009-01-01'),
(1000000021, 'Tamil Nadu', 'Chennai', 520.00, 'Pc0004', 2017, 4000.00, '2009-01-01'),
(1000000021, 'Tamil Nadu', 'Chennai', 540.00, 'Pc0004', 2018, 4000.00, '2009-01-01'),
(1000000021, 'Tamil Nadu', 'Chennai', 560.00, 'Pc0004', 2019, 4000.00, '2009-01-01'),
(1000000021, 'Tamil Nadu', 'Chennai', 580.00, 'Pc0004', 2020, 4000.00, '2009-01-01'),
(1000000021, 'Tamil Nadu', 'Chennai', 600.00, 'Pc0004', 2021, 4000.00, '2009-01-01'),
(1000000021, 'Tamil Nadu', 'Chennai', 620.00, 'Pc0004', 2022, 4000.00, '2009-01-01'),
(1000000021, 'Tamil Nadu', 'Chennai', 640.00, 'Pc0004', 2023, 4000.00, '2009-01-01'),
(1000000021, 'Tamil Nadu', 'Chennai', 660.00, 'Pc0004', 2024, 4000.00, '2009-01-01'),
(1000000021, 'Tamil Nadu', 'Chennai', 680.00, 'Pc0004', 2025, 4000.00, '2009-01-01');

INSERT INTO Branch (RegNo, "State", City, BranchCredits, POCID, "Year", Size, StartDate) VALUES
(1000000021, 'Tamil Nadu', 'Coimbatore', 350.00, 'Pc0010', 2018, 3500.00, '2018-01-01'),
(1000000021, 'Tamil Nadu', 'Coimbatore', 365.00, 'Pc0010', 2019, 3500.00, '2018-01-01'),
(1000000021, 'Tamil Nadu', 'Coimbatore', 380.00, 'Pc0010', 2020, 3500.00, '2018-01-01'),
(1000000021, 'Tamil Nadu', 'Coimbatore', 395.00, 'Pc0010', 2021, 3500.00, '2018-01-01'),
(1000000021, 'Tamil Nadu', 'Coimbatore', 410.00, 'Pc0010', 2022, 3500.00, '2018-01-01'),
(1000000021, 'Tamil Nadu', 'Coimbatore', 425.00, 'Pc0010', 2023, 3500.00, '2018-01-01'),
(1000000021, 'Tamil Nadu', 'Coimbatore', 440.00, 'Pc0010', 2024, 3500.00, '2018-01-01'),
(1000000021, 'Tamil Nadu', 'Coimbatore', 455.00, 'Pc0010', 2025, 3500.00, '2018-01-01');

INSERT INTO Branch (RegNo, "State", City, BranchCredits, POCID, "Year", Size, StartDate) VALUES
(1000000021, 'Tamil Nadu', 'Madurai', 300.00, 'Pc0008', 2021, 3200.00, '2021-01-01'),
(1000000021, 'Tamil Nadu', 'Madurai', 310.00, 'Pc0008', 2022, 3200.00, '2021-01-01'),
(1000000021, 'Tamil Nadu', 'Madurai', 320.00, 'Pc0008', 2023, 3200.00, '2021-01-01'),
(1000000021, 'Tamil Nadu', 'Madurai', 330.00, 'Pc0008', 2024, 3200.00, '2021-01-01'),
(1000000021, 'Tamil Nadu', 'Madurai', 340.00, 'Pc0008', 2025, 3200.00, '2021-01-01');

INSERT INTO Branch (RegNo, "State", City, BranchCredits, POCID, "Year", Size, StartDate) VALUES
(1000000021, 'Tamil Nadu', 'Trichy', 220.00, 'Pc0007', 2023, 3000.00, '2023-01-01'),
(1000000021, 'Tamil Nadu', 'Trichy', 225.00, 'Pc0007', 2024, 3000.00, '2023-01-01'),
(1000000021, 'Tamil Nadu', 'Trichy', 230.00, 'Pc0007', 2025, 3000.00, '2023-01-01');

INSERT INTO Branch (RegNo, "State", City, BranchCredits, POCID, "Year", Size, StartDate) VALUES
(1000000022, 'West Bengal', 'Kolkata', 510.00, 'Pc0006', 2017, 4000.00, '2017-01-01'),
(1000000022, 'West Bengal', 'Kolkata', 530.00, 'Pc0006', 2018, 4000.00, '2017-01-01'),
(1000000022, 'West Bengal', 'Kolkata', 550.00, 'Pc0006', 2019, 4000.00, '2017-01-01'),
(1000000022, 'West Bengal', 'Kolkata', 570.00, 'Pc0006', 2020, 4000.00, '2017-01-01'),
(1000000022, 'West Bengal', 'Kolkata', 590.00, 'Pc0006', 2021, 4000.00, '2017-01-01'),
(1000000022, 'West Bengal', 'Kolkata', 610.00, 'Pc0006', 2022, 4000.00, '2017-01-01'),
(1000000022, 'West Bengal', 'Kolkata', 630.00, 'Pc0006', 2023, 4000.00, '2017-01-01'),
(1000000022, 'West Bengal', 'Kolkata', 650.00, 'Pc0006', 2024, 4000.00, '2017-01-01'),
(1000000022, 'West Bengal', 'Kolkata', 670.00, 'Pc0006', 2025, 4000.00, '2017-01-01');

INSERT INTO Branch (RegNo, "State", City, BranchCredits, POCID, "Year", Size, StartDate) VALUES
(1000000023, 'Madhya Pradesh', 'Indore', 500.00, 'Pc0008', 2016, 4000.00, '2010-01-01'),
(1000000023, 'Madhya Pradesh', 'Indore', 520.00, 'Pc0008', 2017, 4000.00, '2010-01-01'),
(1000000023, 'Madhya Pradesh', 'Indore', 540.00, 'Pc0008', 2018, 4000.00, '2010-01-01'),
(1000000023, 'Madhya Pradesh', 'Indore', 560.00, 'Pc0008', 2019, 4000.00, '2010-01-01'),
(1000000023, 'Madhya Pradesh', 'Indore', 580.00, 'Pc0008', 2020, 4000.00, '2010-01-01'),
(1000000023, 'Madhya Pradesh', 'Indore', 600.00, 'Pc0008', 2021, 4000.00, '2010-01-01'),
(1000000023, 'Madhya Pradesh', 'Indore', 620.00, 'Pc0008', 2022, 4000.00, '2010-01-01'),
(1000000023, 'Madhya Pradesh', 'Indore', 640.00, 'Pc0008', 2023, 4000.00, '2010-01-01'),
(1000000023, 'Madhya Pradesh', 'Indore', 660.00, 'Pc0008', 2024, 4000.00, '2010-01-01'),
(1000000023, 'Madhya Pradesh', 'Indore', 680.00, 'Pc0008', 2025, 4000.00, '2010-01-01');

INSERT INTO Branch (RegNo, "State", City, BranchCredits, POCID, "Year", Size, StartDate) VALUES
(1000000023, 'Madhya Pradesh', 'Bhopal', 350.00, 'Pc0010', 2018, 3500.00, '2018-01-01'),
(1000000023, 'Madhya Pradesh', 'Bhopal', 365.00, 'Pc0010', 2019, 3500.00, '2018-01-01'),
(1000000023, 'Madhya Pradesh', 'Bhopal', 380.00, 'Pc0010', 2020, 3500.00, '2018-01-01'),
(1000000023, 'Madhya Pradesh', 'Bhopal', 395.00, 'Pc0010', 2021, 3500.00, '2018-01-01'),
(1000000023, 'Madhya Pradesh', 'Bhopal', 410.00, 'Pc0010', 2022, 3500.00, '2018-01-01'),
(1000000023, 'Madhya Pradesh', 'Bhopal', 425.00, 'Pc0010', 2023, 3500.00, '2018-01-01'),
(1000000023, 'Madhya Pradesh', 'Bhopal', 440.00, 'Pc0010', 2024, 3500.00, '2018-01-01'),
(1000000023, 'Madhya Pradesh', 'Bhopal', 455.00, 'Pc0010', 2025, 3500.00, '2018-01-01');

INSERT INTO Branch (RegNo, "State", City, BranchCredits, POCID, "Year", Size, StartDate) VALUES
(1000000024, 'Puducherry', 'Puducherry', 500.00, 'Pc0007', 2016, 4000.00, '2002-01-01'),
(1000000024, 'Puducherry', 'Puducherry', 520.00, 'Pc0007', 2017, 4000.00, '2002-01-01'),
(1000000024, 'Puducherry', 'Puducherry', 540.00, 'Pc0007', 2018, 4000.00, '2002-01-01'),
(1000000024, 'Puducherry', 'Puducherry', 560.00, 'Pc0007', 2019, 4000.00, '2002-01-01'),
(1000000024, 'Puducherry', 'Puducherry', 580.00, 'Pc0007', 2020, 4000.00, '2002-01-01'),
(1000000024, 'Puducherry', 'Puducherry', 600.00, 'Pc0007', 2021, 4000.00, '2002-01-01'),
(1000000024, 'Puducherry', 'Puducherry', 620.00, 'Pc0007', 2022, 4000.00, '2002-01-01'),
(1000000024, 'Puducherry', 'Puducherry', 640.00, 'Pc0007', 2023, 4000.00, '2002-01-01'),
(1000000024, 'Puducherry', 'Puducherry', 660.00, 'Pc0007', 2024, 4000.00, '2002-01-01'),
(1000000024, 'Puducherry', 'Puducherry', 680.00, 'Pc0007', 2025, 4000.00, '2002-01-01');

INSERT INTO Branch (RegNo, "State", City, BranchCredits, POCID, "Year", Size, StartDate) VALUES
(1000000024, 'Puducherry', 'Cuddalore', 350.00, 'Pc0013', 2018, 3500.00, '2018-01-01'),
(1000000024, 'Puducherry', 'Cuddalore', 365.00, 'Pc0013', 2019, 3500.00, '2018-01-01'),
(1000000024, 'Puducherry', 'Cuddalore', 380.00, 'Pc0013', 2020, 3500.00, '2018-01-01'),
(1000000024, 'Puducherry', 'Cuddalore', 395.00, 'Pc0013', 2021, 3500.00, '2018-01-01'),
(1000000024, 'Puducherry', 'Cuddalore', 410.00, 'Pc0013', 2022, 3500.00, '2018-01-01'),
(1000000024, 'Puducherry', 'Cuddalore', 425.00, 'Pc0013', 2023, 3500.00, '2018-01-01'),
(1000000024, 'Puducherry', 'Cuddalore', 440.00, 'Pc0013', 2024, 3500.00, '2018-01-01'),
(1000000024, 'Puducherry', 'Cuddalore', 455.00, 'Pc0013', 2025, 3500.00, '2018-01-01');

INSERT INTO Branch (RegNo, "State", City, BranchCredits, POCID, "Year", Size, StartDate) VALUES
(1000000025, 'Gujarat', 'Ahmedabad', 500.00, 'Pc0004', 2020, 4000.00, '2020-01-01'),
(1000000025, 'Gujarat', 'Ahmedabad', 520.00, 'Pc0004', 2021, 4000.00, '2020-01-01'),
(1000000025, 'Gujarat', 'Ahmedabad', 540.00, 'Pc0004', 2022, 4000.00, '2020-01-01'),
(1000000025, 'Gujarat', 'Ahmedabad', 560.00, 'Pc0004', 2023, 4000.00, '2020-01-01'),
(1000000025, 'Gujarat', 'Ahmedabad', 580.00, 'Pc0004', 2024, 4000.00, '2020-01-01'),
(1000000025, 'Gujarat', 'Ahmedabad', 600.00, 'Pc0004', 2025, 4000.00, '2020-01-01');

INSERT INTO Branch (RegNo, "State", City, BranchCredits, POCID, "Year", Size, StartDate) VALUES
(1000000026, 'Chhattisgarh', 'Raipur', 500.00, 'Pc0004', 2016, 4000.00, '2001-01-01'),
(1000000026, 'Chhattisgarh', 'Raipur', 520.00, 'Pc0004', 2017, 4000.00, '2001-01-01'),
(1000000026, 'Chhattisgarh', 'Raipur', 540.00, 'Pc0004', 2018, 4000.00, '2001-01-01'),
(1000000026, 'Chhattisgarh', 'Raipur', 560.00, 'Pc0004', 2019, 4000.00, '2001-01-01'),
(1000000026, 'Chhattisgarh', 'Raipur', 580.00, 'Pc0004', 2020, 4000.00, '2001-01-01'),
(1000000026, 'Chhattisgarh', 'Raipur', 600.00, 'Pc0004', 2021, 4000.00, '2001-01-01'),
(1000000026, 'Chhattisgarh', 'Raipur', 620.00, 'Pc0004', 2022, 4000.00, '2001-01-01'),
(1000000026, 'Chhattisgarh', 'Raipur', 640.00, 'Pc0004', 2023, 4000.00, '2001-01-01'),
(1000000026, 'Chhattisgarh', 'Raipur', 660.00, 'Pc0004', 2024, 4000.00, '2001-01-01'),
(1000000026, 'Chhattisgarh', 'Raipur', 680.00, 'Pc0004', 2025, 4000.00, '2001-01-01');

INSERT INTO Branch (RegNo, "State", City, BranchCredits, POCID, "Year", Size, StartDate) VALUES
(1000000026, 'Chhattisgarh', 'Bilaspur', 350.00, 'Pc0013', 2018, 3500.00, '2018-01-01'),
(1000000026, 'Chhattisgarh', 'Bilaspur', 365.00, 'Pc0013', 2019, 3500.00, '2018-01-01'),
(1000000026, 'Chhattisgarh', 'Bilaspur', 380.00, 'Pc0013', 2020, 3500.00, '2018-01-01'),
(1000000026, 'Chhattisgarh', 'Bilaspur', 395.00, 'Pc0013', 2021, 3500.00, '2018-01-01'),
(1000000026, 'Chhattisgarh', 'Bilaspur', 410.00, 'Pc0013', 2022, 3500.00, '2018-01-01'),
(1000000026, 'Chhattisgarh', 'Bilaspur', 425.00, 'Pc0013', 2023, 3500.00, '2018-01-01'),
(1000000026, 'Chhattisgarh', 'Bilaspur', 440.00, 'Pc0013', 2024, 3500.00, '2018-01-01'),
(1000000026, 'Chhattisgarh', 'Bilaspur', 455.00, 'Pc0013', 2025, 3500.00, '2018-01-01');

INSERT INTO Branch (RegNo, "State", City, BranchCredits, POCID, "Year", Size, StartDate) VALUES
(1000000027, 'West Bengal', 'Siliguri', 500.00, 'Pc0007', 2016, 4000.00, '2007-01-01'),
(1000000027, 'West Bengal', 'Siliguri', 520.00, 'Pc0007', 2017, 4000.00, '2007-01-01'),
(1000000027, 'West Bengal', 'Siliguri', 540.00, 'Pc0007', 2018, 4000.00, '2007-01-01'),
(1000000027, 'West Bengal', 'Siliguri', 560.00, 'Pc0007', 2019, 4000.00, '2007-01-01'),
(1000000027, 'West Bengal', 'Siliguri', 580.00, 'Pc0007', 2020, 4000.00, '2007-01-01'),
(1000000027, 'West Bengal', 'Siliguri', 600.00, 'Pc0007', 2021, 4000.00, '2007-01-01'),
(1000000027, 'West Bengal', 'Siliguri', 620.00, 'Pc0007', 2022, 4000.00, '2007-01-01'),
(1000000027, 'West Bengal', 'Siliguri', 640.00, 'Pc0007', 2023, 4000.00, '2007-01-01'),
(1000000027, 'West Bengal', 'Siliguri', 660.00, 'Pc0007', 2024, 4000.00, '2007-01-01'),
(1000000027, 'West Bengal', 'Siliguri', 680.00, 'Pc0007', 2025, 4000.00, '2007-01-01');

INSERT INTO Branch (RegNo, "State", City, BranchCredits, POCID, "Year", Size, StartDate) VALUES
(1000000027, 'West Bengal', 'Alipurduar', 350.00, 'Pc0010', 2018, 3500.00, '2018-01-01'),
(1000000027, 'West Bengal', 'Alipurduar', 365.00, 'Pc0010', 2019, 3500.00, '2018-01-01'),
(1000000027, 'West Bengal', 'Alipurduar', 380.00, 'Pc0010', 2020, 3500.00, '2018-01-01'),
(1000000027, 'West Bengal', 'Alipurduar', 395.00, 'Pc0010', 2021, 3500.00, '2018-01-01'),
(1000000027, 'West Bengal', 'Alipurduar', 410.00, 'Pc0010', 2022, 3500.00, '2018-01-01'),
(1000000027, 'West Bengal', 'Alipurduar', 425.00, 'Pc0010', 2023, 3500.00, '2018-01-01'),
(1000000027, 'West Bengal', 'Alipurduar', 440.00, 'Pc0010', 2024, 3500.00, '2018-01-01'),
(1000000027, 'West Bengal', 'Alipurduar', 455.00, 'Pc0010', 2025, 3500.00, '2018-01-01');

INSERT INTO Branch (RegNo, "State", City, BranchCredits, POCID, "Year", Size, StartDate) VALUES
(1000000028, 'Maharashtra', 'Aurangabad', 350.00, 'Pc0011', 2018, 3500.00, '2018-01-01'),
(1000000028, 'Maharashtra', 'Aurangabad', 365.00, 'Pc0011', 2019, 3500.00, '2018-01-01'),
(1000000028, 'Maharashtra', 'Aurangabad', 380.00, 'Pc0011', 2020, 3500.00, '2018-01-01'),
(1000000028, 'Maharashtra', 'Aurangabad', 395.00, 'Pc0011', 2021, 3500.00, '2018-01-01'),
(1000000028, 'Maharashtra', 'Aurangabad', 410.00, 'Pc0011', 2022, 3500.00, '2018-01-01'),
(1000000028, 'Maharashtra', 'Aurangabad', 425.00, 'Pc0011', 2023, 3500.00, '2018-01-01'),
(1000000028, 'Maharashtra', 'Aurangabad', 440.00, 'Pc0011', 2024, 3500.00, '2018-01-01'),
(1000000028, 'Maharashtra', 'Aurangabad', 455.00, 'Pc0011', 2025, 3500.00, '2018-01-01');

INSERT INTO Branch (RegNo, "State", City, BranchCredits, POCID, "Year", Size, StartDate) VALUES
(1000000029, 'Jharkhand', 'Ranchi', 500.00, 'Pc0007', 2016, 4000.00, '2005-01-01'),
(1000000029, 'Jharkhand', 'Ranchi', 520.00, 'Pc0007', 2017, 4000.00, '2005-01-01'),
(1000000029, 'Jharkhand', 'Ranchi', 540.00, 'Pc0007', 2018, 4000.00, '2005-01-01'),
(1000000029, 'Jharkhand', 'Ranchi', 560.00, 'Pc0007', 2019, 4000.00, '2005-01-01'),
(1000000029, 'Jharkhand', 'Ranchi', 580.00, 'Pc0007', 2020, 4000.00, '2005-01-01'),
(1000000029, 'Jharkhand', 'Ranchi', 600.00, 'Pc0007', 2021, 4000.00, '2005-01-01'),
(1000000029, 'Jharkhand', 'Ranchi', 620.00, 'Pc0007', 2022, 4000.00, '2005-01-01'),
(1000000029, 'Jharkhand', 'Ranchi', 640.00, 'Pc0007', 2023, 4000.00, '2005-01-01'),
(1000000029, 'Jharkhand', 'Ranchi', 660.00, 'Pc0007', 2024, 4000.00, '2005-01-01'),
(1000000029, 'Jharkhand', 'Ranchi', 680.00, 'Pc0007', 2025, 4000.00, '2005-01-01');

INSERT INTO Branch (RegNo, "State", City, BranchCredits, POCID, "Year", Size, StartDate) VALUES
(1000000029, 'Jharkhand', 'Jamshedpur', 350.00, 'Pc0012', 2018, 3500.00, '2018-01-01'),
(1000000029, 'Jharkhand', 'Jamshedpur', 365.00, 'Pc0012', 2019, 3500.00, '2018-01-01'),
(1000000029, 'Jharkhand', 'Jamshedpur', 380.00, 'Pc0012', 2020, 3500.00, '2018-01-01'),
(1000000029, 'Jharkhand', 'Jamshedpur', 395.00, 'Pc0012', 2021, 3500.00, '2018-01-01'),
(1000000029, 'Jharkhand', 'Jamshedpur', 410.00, 'Pc0012', 2022, 3500.00, '2018-01-01'),
(1000000029, 'Jharkhand', 'Jamshedpur', 425.00, 'Pc0012', 2023, 3500.00, '2018-01-01'),
(1000000029, 'Jharkhand', 'Jamshedpur', 440.00, 'Pc0012', 2024, 3500.00, '2018-01-01'),
(1000000029, 'Jharkhand', 'Jamshedpur', 455.00, 'Pc0012', 2025, 3500.00, '2018-01-01');

INSERT INTO Branch (RegNo, "State", City, BranchCredits, POCID, "Year", Size, StartDate) VALUES
(1000000030, 'Goa', 'Panaji', 500.00, 'Pc0004', 2016, 4000.00, '2013-01-01'),
(1000000030, 'Goa', 'Panaji', 520.00, 'Pc0004', 2017, 4000.00, '2013-01-01'),
(1000000030, 'Goa', 'Panaji', 540.00, 'Pc0004', 2018, 4000.00, '2013-01-01'),
(1000000030, 'Goa', 'Panaji', 560.00, 'Pc0004', 2019, 4000.00, '2013-01-01'),
(1000000030, 'Goa', 'Panaji', 580.00, 'Pc0004', 2020, 4000.00, '2013-01-01'),
(1000000030, 'Goa', 'Panaji', 600.00, 'Pc0004', 2021, 4000.00, '2013-01-01'),
(1000000030, 'Goa', 'Panaji', 620.00, 'Pc0004', 2022, 4000.00, '2013-01-01'),
(1000000030, 'Goa', 'Panaji', 640.00, 'Pc0004', 2023, 4000.00, '2013-01-01'),
(1000000030, 'Goa', 'Panaji', 660.00, 'Pc0004', 2024, 4000.00, '2013-01-01'),
(1000000030, 'Goa', 'Panaji', 680.00, 'Pc0004', 2025, 4000.00, '2013-01-01');

INSERT INTO Branch (RegNo, "State", City, BranchCredits, POCID, "Year", Size, StartDate) VALUES
(1000000031, 'Delhi', 'New Delhi', 500.00, 'Pc0004', 2016, 4000.00, '2012-01-01'),
(1000000031, 'Delhi', 'New Delhi', 520.00, 'Pc0004', 2017, 4000.00, '2012-01-01'),
(1000000031, 'Delhi', 'New Delhi', 540.00, 'Pc0004', 2018, 4000.00, '2012-01-01'),
(1000000031, 'Delhi', 'New Delhi', 560.00, 'Pc0004', 2019, 4000.00, '2012-01-01'),
(1000000031, 'Delhi', 'New Delhi', 580.00, 'Pc0004', 2020, 4000.00, '2012-01-01'),
(1000000031, 'Delhi', 'New Delhi', 600.00, 'Pc0004', 2021, 4000.00, '2012-01-01'),
(1000000031, 'Delhi', 'New Delhi', 620.00, 'Pc0004', 2022, 4000.00, '2012-01-01'),
(1000000031, 'Delhi', 'New Delhi', 640.00, 'Pc0004', 2023, 4000.00, '2012-01-01'),
(1000000031, 'Delhi', 'New Delhi', 660.00, 'Pc0004', 2024, 4000.00, '2012-01-01'),
(1000000031, 'Delhi', 'New Delhi', 680.00, 'Pc0004', 2025, 4000.00, '2012-01-01');

INSERT INTO Branch (RegNo, "State", City, BranchCredits, POCID, "Year", Size, StartDate) VALUES
(1000000032, 'Sikkim', 'Gangtok', 500.00, 'Pc0007', 2016, 4000.00, '2016-01-01'),
(1000000032, 'Sikkim', 'Gangtok', 520.00, 'Pc0007', 2017, 4000.00, '2016-01-01'),
(1000000032, 'Sikkim', 'Gangtok', 540.00, 'Pc0007', 2018, 4000.00, '2016-01-01'),
(1000000032, 'Sikkim', 'Gangtok', 560.00, 'Pc0007', 2019, 4000.00, '2016-01-01'),
(1000000032, 'Sikkim', 'Gangtok', 580.00, 'Pc0007', 2020, 4000.00, '2016-01-01'),
(1000000032, 'Sikkim', 'Gangtok', 600.00, 'Pc0007', 2021, 4000.00, '2016-01-01'),
(1000000032, 'Sikkim', 'Gangtok', 620.00, 'Pc0007', 2022, 4000.00, '2016-01-01'),
(1000000032, 'Sikkim', 'Gangtok', 640.00, 'Pc0007', 2023, 4000.00, '2016-01-01'),
(1000000032, 'Sikkim', 'Gangtok', 660.00, 'Pc0007', 2024, 4000.00, '2016-01-01'),
(1000000032, 'Sikkim', 'Gangtok', 680.00, 'Pc0007', 2025, 4000.00, '2016-01-01');

INSERT INTO Branch (RegNo, "State", City, BranchCredits, POCID, "Year", Size, StartDate) VALUES
(1000000032, 'Sikkim', 'Namchi', 425.00, 'Pc0011', 2023, 3500.00, '2023-01-01'),
(1000000032, 'Sikkim', 'Namchi', 440.00, 'Pc0011', 2024, 3500.00, '2023-01-01'),
(1000000032, 'Sikkim', 'Namchi', 455.00, 'Pc0011', 2025, 3500.00, '2023-01-01');


INSERT INTO Branch (RegNo, "State", City, BranchCredits, POCID, "Year", Size, StartDate) VALUES
(1000000033, 'Haryana', 'Faridabad', 500.00, 'Pc0008', 2016, 4000.00, '2008-01-01'),
(1000000033, 'Haryana', 'Faridabad', 520.00, 'Pc0008', 2017, 4000.00, '2008-01-01'),
(1000000033, 'Haryana', 'Faridabad', 540.00, 'Pc0008', 2018, 4000.00, '2008-01-01'),
(1000000033, 'Haryana', 'Faridabad', 560.00, 'Pc0008', 2019, 4000.00, '2008-01-01'),
(1000000033, 'Haryana', 'Faridabad', 580.00, 'Pc0008', 2020, 4000.00, '2008-01-01'),
(1000000033, 'Haryana', 'Faridabad', 600.00, 'Pc0008', 2021, 4000.00, '2008-01-01'),
(1000000033, 'Haryana', 'Faridabad', 620.00, 'Pc0008', 2022, 4000.00, '2008-01-01'),
(1000000033, 'Haryana', 'Faridabad', 640.00, 'Pc0008', 2023, 4000.00, '2008-01-01'),
(1000000033, 'Haryana', 'Faridabad', 660.00, 'Pc0008', 2024, 4000.00, '2008-01-01'),
(1000000033, 'Haryana', 'Faridabad', 680.00, 'Pc0008', 2025, 4000.00, '2008-01-01');

INSERT INTO Branch (RegNo, "State", City, BranchCredits, POCID, "Year", Size, StartDate) VALUES
(1000000033, 'Haryana', 'Gurgaon', 350.00, 'Pc0012', 2018, 3500.00, '2018-01-01'),
(1000000033, 'Haryana', 'Gurgaon', 365.00, 'Pc0012', 2019, 3500.00, '2018-01-01'),
(1000000033, 'Haryana', 'Gurgaon', 380.00, 'Pc0012', 2020, 3500.00, '2018-01-01'),
(1000000033, 'Haryana', 'Gurgaon', 395.00, 'Pc0012', 2021, 3500.00, '2018-01-01'),
(1000000033, 'Haryana', 'Gurgaon', 410.00, 'Pc0012', 2022, 3500.00, '2018-01-01'),
(1000000033, 'Haryana', 'Gurgaon', 425.00, 'Pc0012', 2023, 3500.00, '2018-01-01'),
(1000000033, 'Haryana', 'Gurgaon', 440.00, 'Pc0012', 2024, 3500.00, '2018-01-01'),
(1000000033, 'Haryana', 'Gurgaon', 455.00, 'Pc0012', 2025, 3500.00, '2018-01-01');

INSERT INTO Branch (RegNo, "State", City, BranchCredits, POCID, "Year", Size, StartDate) VALUES
(1000000034, 'Mizoram', 'Aizawl', 500.00, 'Pc0006', 2016, 4000.00, '2004-01-01'),
(1000000034, 'Mizoram', 'Aizawl', 520.00, 'Pc0006', 2017, 4000.00, '2004-01-01'),
(1000000034, 'Mizoram', 'Aizawl', 540.00, 'Pc0006', 2018, 4000.00, '2004-01-01'),
(1000000034, 'Mizoram', 'Aizawl', 560.00, 'Pc0006', 2019, 4000.00, '2004-01-01'),
(1000000034, 'Mizoram', 'Aizawl', 580.00, 'Pc0006', 2020, 4000.00, '2004-01-01'),
(1000000034, 'Mizoram', 'Aizawl', 600.00, 'Pc0006', 2021, 4000.00, '2004-01-01'),
(1000000034, 'Mizoram', 'Aizawl', 620.00, 'Pc0006', 2022, 4000.00, '2004-01-01'),
(1000000034, 'Mizoram', 'Aizawl', 640.00, 'Pc0006', 2023, 4000.00, '2004-01-01'),
(1000000034, 'Mizoram', 'Aizawl', 660.00, 'Pc0006', 2024, 4000.00, '2004-01-01'),
(1000000034, 'Mizoram', 'Aizawl', 680.00, 'Pc0006', 2025, 4000.00, '2004-01-01');

INSERT INTO Branch (RegNo, "State", City, BranchCredits, POCID, "Year", Size, StartDate) VALUES
(1000000034, 'Mizoram', 'Lunglei', 350.00, 'Pc0013', 2018, 3500.00, '2018-01-01'),
(1000000034, 'Mizoram', 'Lunglei', 365.00, 'Pc0013', 2019, 3500.00, '2018-01-01'),
(1000000034, 'Mizoram', 'Lunglei', 380.00, 'Pc0013', 2020, 3500.00, '2018-01-01'),
(1000000034, 'Mizoram', 'Lunglei', 395.00, 'Pc0013', 2021, 3500.00, '2018-01-01'),
(1000000034, 'Mizoram', 'Lunglei', 410.00, 'Pc0013', 2022, 3500.00, '2018-01-01'),
(1000000034, 'Mizoram', 'Lunglei', 425.00, 'Pc0013', 2023, 3500.00, '2018-01-01'),
(1000000034, 'Mizoram', 'Lunglei', 440.00, 'Pc0013', 2024, 3500.00, '2018-01-01'),
(1000000034, 'Mizoram', 'Lunglei', 455.00, 'Pc0013', 2025, 3500.00, '2018-01-01');

INSERT INTO Branch (RegNo, "State", City, BranchCredits, POCID, "Year", Size, StartDate) VALUES
(1000000035, 'Maharashtra', 'Aurangabad', 500.00, 'Pc0004', 2016, 4000.00, '2003-01-01'),
(1000000035, 'Maharashtra', 'Aurangabad', 520.00, 'Pc0004', 2017, 4000.00, '2003-01-01'),
(1000000035, 'Maharashtra', 'Aurangabad', 540.00, 'Pc0004', 2018, 4000.00, '2003-01-01'),
(1000000035, 'Maharashtra', 'Aurangabad', 560.00, 'Pc0004', 2019, 4000.00, '2003-01-01'),
(1000000035, 'Maharashtra', 'Aurangabad', 580.00, 'Pc0004', 2020, 4000.00, '2003-01-01'),
(1000000035, 'Maharashtra', 'Aurangabad', 600.00, 'Pc0004', 2021, 4000.00, '2003-01-01'),
(1000000035, 'Maharashtra', 'Aurangabad', 620.00, 'Pc0004', 2022, 4000.00, '2003-01-01'),
(1000000035, 'Maharashtra', 'Aurangabad', 640.00, 'Pc0004', 2023, 4000.00, '2003-01-01'),
(1000000035, 'Maharashtra', 'Aurangabad', 660.00, 'Pc0004', 2024, 4000.00, '2003-01-01'),
(1000000035, 'Maharashtra', 'Aurangabad', 680.00, 'Pc0004', 2025, 4000.00, '2003-01-01');


INSERT INTO Branch (RegNo, "State", City, BranchCredits, POCID, "Year", Size, StartDate) VALUES
(1000000036, 'Punjab', 'Amritsar', 500.00, 'Pc0007', 2016, 4000.00, '2006-01-01'),
(1000000036, 'Punjab', 'Amritsar', 520.00, 'Pc0007', 2017, 4000.00, '2006-01-01'),
(1000000036, 'Punjab', 'Amritsar', 540.00, 'Pc0007', 2018, 4000.00, '2006-01-01'),
(1000000036, 'Punjab', 'Amritsar', 560.00, 'Pc0007', 2019, 4000.00, '2006-01-01'),
(1000000036, 'Punjab', 'Amritsar', 580.00, 'Pc0007', 2020, 4000.00, '2006-01-01'),
(1000000036, 'Punjab', 'Amritsar', 600.00, 'Pc0007', 2021, 4000.00, '2006-01-01'),
(1000000036, 'Punjab', 'Amritsar', 620.00, 'Pc0007', 2022, 4000.00, '2006-01-01'),
(1000000036, 'Punjab', 'Amritsar', 640.00, 'Pc0007', 2023, 4000.00, '2006-01-01'),
(1000000036, 'Punjab', 'Amritsar', 660.00, 'Pc0007', 2024, 4000.00, '2006-01-01'),
(1000000036, 'Punjab', 'Amritsar', 680.00, 'Pc0007', 2025, 4000.00, '2006-01-01');

INSERT INTO Branch (RegNo, "State", City, BranchCredits, POCID, "Year", Size, StartDate) VALUES
(1000000036, 'Punjab', 'Ludhiana', 350.00, 'Pc0013', 2018, 3500.00, '2018-01-01'),
(1000000036, 'Punjab', 'Ludhiana', 365.00, 'Pc0013', 2019, 3500.00, '2018-01-01'),
(1000000036, 'Punjab', 'Ludhiana', 380.00, 'Pc0013', 2020, 3500.00, '2018-01-01'),
(1000000036, 'Punjab', 'Ludhiana', 395.00, 'Pc0013', 2021, 3500.00, '2018-01-01'),
(1000000036, 'Punjab', 'Ludhiana', 410.00, 'Pc0013', 2022, 3500.00, '2018-01-01'),
(1000000036, 'Punjab', 'Ludhiana', 425.00, 'Pc0013', 2023, 3500.00, '2018-01-01'),
(1000000036, 'Punjab', 'Ludhiana', 440.00, 'Pc0013', 2024, 3500.00, '2018-01-01'),
(1000000036, 'Punjab', 'Ludhiana', 455.00, 'Pc0013', 2025, 3500.00, '2018-01-01');

INSERT INTO Branch (RegNo, "State", City, BranchCredits, POCID, "Year", Size, StartDate) VALUES
(1000000037, 'Rajasthan', 'Udaipur', 500.00, 'Pc0007', 2016, 4000.00, '2005-01-01'),
(1000000037, 'Rajasthan', 'Udaipur', 520.00, 'Pc0007', 2017, 4000.00, '2005-01-01'),
(1000000037, 'Rajasthan', 'Udaipur', 540.00, 'Pc0007', 2018, 4000.00, '2005-01-01'),
(1000000037, 'Rajasthan', 'Udaipur', 560.00, 'Pc0007', 2019, 4000.00, '2005-01-01'),
(1000000037, 'Rajasthan', 'Udaipur', 580.00, 'Pc0007', 2020, 4000.00, '2005-01-01'),
(1000000037, 'Rajasthan', 'Udaipur', 600.00, 'Pc0007', 2021, 4000.00, '2005-01-01'),
(1000000037, 'Rajasthan', 'Udaipur', 620.00, 'Pc0007', 2022, 4000.00, '2005-01-01'),
(1000000037, 'Rajasthan', 'Udaipur', 640.00, 'Pc0007', 2023, 4000.00, '2005-01-01'),
(1000000037, 'Rajasthan', 'Udaipur', 660.00, 'Pc0007', 2024, 4000.00, '2005-01-01'),
(1000000037, 'Rajasthan', 'Udaipur', 680.00, 'Pc0007', 2025, 4000.00, '2005-01-01');

INSERT INTO Branch (RegNo, "State", City, BranchCredits, POCID, "Year", Size, StartDate) VALUES
(1000000038, 'Uttar Pradesh', 'Aligarh', 500.00, 'Pc0004', 2016, 4000.00, '2014-01-01'),
(1000000038, 'Uttar Pradesh', 'Aligarh', 520.00, 'Pc0004', 2017, 4000.00, '2014-01-01'),
(1000000038, 'Uttar Pradesh', 'Aligarh', 540.00, 'Pc0004', 2018, 4000.00, '2014-01-01'),
(1000000038, 'Uttar Pradesh', 'Aligarh', 560.00, 'Pc0004', 2019, 4000.00, '2014-01-01'),
(1000000038, 'Uttar Pradesh', 'Aligarh', 580.00, 'Pc0004', 2020, 4000.00, '2014-01-01'),
(1000000038, 'Uttar Pradesh', 'Aligarh', 600.00, 'Pc0004', 2021, 4000.00, '2014-01-01'),
(1000000038, 'Uttar Pradesh', 'Aligarh', 620.00, 'Pc0004', 2022, 4000.00, '2014-01-01'),
(1000000038, 'Uttar Pradesh', 'Aligarh', 640.00, 'Pc0004', 2023, 4000.00, '2014-01-01'),
(1000000038, 'Uttar Pradesh', 'Aligarh', 660.00, 'Pc0004', 2024, 4000.00, '2014-01-01'),
(1000000038, 'Uttar Pradesh', 'Aligarh', 680.00, 'Pc0004', 2025, 4000.00, '2014-01-01');

INSERT INTO Branch (RegNo, "State", City, BranchCredits, POCID, "Year", Size, StartDate) VALUES
(1000000039, 'Tripura', 'Agartala', 500.00, 'Pc0007', 2016, 4000.00, '2002-01-01'),
(1000000039, 'Tripura', 'Agartala', 520.00, 'Pc0007', 2017, 4000.00, '2002-01-01'),
(1000000039, 'Tripura', 'Agartala', 540.00, 'Pc0007', 2018, 4000.00, '2002-01-01'),
(1000000039, 'Tripura', 'Agartala', 560.00, 'Pc0007', 2019, 4000.00, '2002-01-01'),
(1000000039, 'Tripura', 'Agartala', 580.00, 'Pc0007', 2020, 4000.00, '2002-01-01'),
(1000000039, 'Tripura', 'Agartala', 600.00, 'Pc0007', 2021, 4000.00, '2002-01-01'),
(1000000039, 'Tripura', 'Agartala', 620.00, 'Pc0007', 2022, 4000.00, '2002-01-01'),
(1000000039, 'Tripura', 'Agartala', 640.00, 'Pc0007', 2023, 4000.00, '2002-01-01'),
(1000000039, 'Tripura', 'Agartala', 660.00, 'Pc0007', 2024, 4000.00, '2002-01-01'),
(1000000039, 'Tripura', 'Agartala', 680.00, 'Pc0007', 2025, 4000.00, '2002-01-01');

INSERT INTO Branch (RegNo, "State", City, BranchCredits, POCID, "Year", Size, StartDate) VALUES
(1000000039, 'Tripura', 'Udaipur', 350.00, 'Pc0013', 2018, 3500.00, '2018-01-01'),
(1000000039, 'Tripura', 'Udaipur', 365.00, 'Pc0013', 2019, 3500.00, '2018-01-01'),
(1000000039, 'Tripura', 'Udaipur', 380.00, 'Pc0013', 2020, 3500.00, '2018-01-01'),
(1000000039, 'Tripura', 'Udaipur', 395.00, 'Pc0013', 2021, 3500.00, '2018-01-01'),
(1000000039, 'Tripura', 'Udaipur', 410.00, 'Pc0013', 2022, 3500.00, '2018-01-01'),
(1000000039, 'Tripura', 'Udaipur', 425.00, 'Pc0013', 2023, 3500.00, '2018-01-01'),
(1000000039, 'Tripura', 'Udaipur', 440.00, 'Pc0013', 2024, 3500.00, '2018-01-01'),
(1000000039, 'Tripura', 'Udaipur', 455.00, 'Pc0013', 2025, 3500.00, '2018-01-01');

INSERT INTO Branch (RegNo, "State", City, BranchCredits, POCID, "Year", Size, StartDate) VALUES
(1000000040, 'Uttar Pradesh', 'Gorakhpur', 500.00, 'Pc0004', 2016, 4000.00, '2010-01-01'),
(1000000040, 'Uttar Pradesh', 'Gorakhpur', 520.00, 'Pc0004', 2017, 4000.00, '2010-01-01'),
(1000000040, 'Uttar Pradesh', 'Gorakhpur', 540.00, 'Pc0004', 2018, 4000.00, '2010-01-01'),
(1000000040, 'Uttar Pradesh', 'Gorakhpur', 560.00, 'Pc0004', 2019, 4000.00, '2010-01-01'),
(1000000040, 'Uttar Pradesh', 'Gorakhpur', 580.00, 'Pc0004', 2020, 4000.00, '2010-01-01'),
(1000000040, 'Uttar Pradesh', 'Gorakhpur', 600.00, 'Pc0004', 2021, 4000.00, '2010-01-01'),
(1000000040, 'Uttar Pradesh', 'Gorakhpur', 620.00, 'Pc0004', 2022, 4000.00, '2010-01-01'),
(1000000040, 'Uttar Pradesh', 'Gorakhpur', 640.00, 'Pc0004', 2023, 4000.00, '2010-01-01'),
(1000000040, 'Uttar Pradesh', 'Gorakhpur', 660.00, 'Pc0004', 2024, 4000.00, '2010-01-01'),
(1000000040, 'Uttar Pradesh', 'Gorakhpur', 680.00, 'Pc0004', 2025, 4000.00, '2010-01-01');

INSERT INTO Branch (RegNo, "State", City, BranchCredits, POCID, "Year", Size, StartDate) VALUES
(1000000040, 'Uttar Pradesh', 'Kanpur', 350.00, 'Pc0013', 2018, 3500.00, '2018-01-01'),
(1000000040, 'Uttar Pradesh', 'Kanpur', 365.00, 'Pc0013', 2019, 3500.00, '2018-01-01'),
(1000000040, 'Uttar Pradesh', 'Kanpur', 380.00, 'Pc0013', 2020, 3500.00, '2018-01-01'),
(1000000040, 'Uttar Pradesh', 'Kanpur', 395.00, 'Pc0013', 2021, 3500.00, '2018-01-01'),
(1000000040, 'Uttar Pradesh', 'Kanpur', 410.00, 'Pc0013', 2022, 3500.00, '2018-01-01'),
(1000000040, 'Uttar Pradesh', 'Kanpur', 425.00, 'Pc0013', 2023, 3500.00, '2018-01-01'),
(1000000040, 'Uttar Pradesh', 'Kanpur', 440.00, 'Pc0013', 2024, 3500.00, '2018-01-01'),
(1000000040, 'Uttar Pradesh', 'Kanpur', 455.00, 'Pc0013', 2025, 3500.00, '2018-01-01');

commit;


-- Project
INSERT INTO Project   (ProjectID, ProjectName, ProjectType, ProjectDescription, "Status", StartDate, EndDate, RegNo, "State", City, "Year")VALUES

  ('PR0001', 'Renewable Energy Integration', 'Research', 'Implement renewable energy sources into the local power grid to reduce dependency on fossil fuels.', 'Active', '2025-01-15', NULL, 1000000001, 'Uttar Pradesh', 'Kanpur', 2025),
  ('PR0002', 'Waste Management System Upgrade', 'Development', 'Upgrade the existing waste management systems to incorporate advanced recycling technologies and reduce landfill waste.', 'Completed', '2025-02-01', '2025-03-01', 1000000001, 'Delhi', 'New Delhi', 2025),
  ('PR0003', 'Smart Transportation Deployment', 'Maintenance', 'Deploy intelligent traffic and transit systems to improve urban mobility and reduce congestion.', 'On Hold', '2025-01-20', NULL, 1000000002, 'Maharashtra', 'Pune', 2025),
  ('PR0004', 'Water Conservation Initiative', 'Implementation', 'Develop and implement water-saving technologies in urban infrastructures to conserve resources.', 'Active', '2025-03-05', NULL, 1000000003, 'Chandigarh', 'Chandigarh', 2025),
  ('PR0005', 'Green Building Certification', 'Research', 'Enhance building designs to meet LEED certification standards by incorporating energy-efficient systems.', 'Completed', '2025-02-10', '2025-03-10', 1000000003, 'Haryana', 'Faridabad', 2025),
  ('PR0006', 'Digital Transformation of Retail', 'Development', 'Adopt and integrate advanced digital technologies to optimize retail operations and improve customer experiences.' , 'Cancelled', '2025-04-01', '2025-04-20', 1000000003, 'Haryana', 'Gurgaon', 2025),
  ('PR0007', 'Cybersecurity Enhancement Program', 'Maintenance', 'Strengthen cybersecurity defenses within corporate networks against emerging threats.', 'Active', '2025-01-25', NULL, 1000000004, 'Madhya Pradesh', 'Bhopal', 2025),
  ('PR0008', 'Supply Chain Optimization', 'Implementation', 'Leverage data analytics to optimize supply chain operations for improved efficiency.', 'Active', '2025-03-15', NULL, 1000000004, 'Madhya Pradesh', 'Indore', 2025),
  ('PR0009', 'Smart Agriculture Pilot', 'Research', 'Introduce IoT-based solutions to pilot smart agriculture practices for enhanced crop management.', 'Completed', '2025-02-20', '2025-03-25', 1000000004, 'Madhya Pradesh', 'Gwalior', 2025),
  ('PR0010', 'Urban Mobility Redesign', 'Development', 'Redesign urban transportation networks to promote sustainable, efficient mobility solutions.', 'Active', '2025-01-30', NULL, 1000000005, 'Uttar Pradesh', 'Lucknow', 2025),
  ('PR0011', 'Water Treatment Facility Upgrade', 'Maintenance', 'Upgrade municipal water treatment facilities with the latest technologies to improve water quality.', 'On Hold', '2025-03-10', NULL, 1000000005, 'Uttar Pradesh', 'Agra', 2025),
  ('PR0012', 'Renewable Energy Storage Project', 'Implementation', 'Develop energy storage solutions to enhance the reliability of solar power integration into the grid.', 'Completed', '2025-02-05', '2025-03-05', 1000000005, 'Gujarat', 'Surat', 2025),
  ('PR0013', 'Public Health Awareness Campaign', 'Research', 'Launch a digital campaign to improve public awareness of health and wellness best practices.', 'Active', '2025-02-15', NULL, 1000000006, 'Jharkhand', 'Jamshedpur', 2025),
  ('PR0014', 'Educational Technology Platform', 'Development', 'Deploy an e-learning platform to support remote education initiatives across the region.', 'Completed', '2025-03-01', '2025-04-01', 1000000007, 'Tamil Nadu', 'Salem', 2025),
  ('PR0015', 'Rural Electrification Scheme', 'Research', 'Expand electricity access in rural communities using renewable energy solutions.', NULL, '2025-01-18', NULL, 1000000007, 'Tamil Nadu', 'Coimbatore', 2025),
  ('PR0016', 'Traffic Signal Optimization', 'Maintenance', 'Introduce intelligent traffic signal systems to reduce congestion and improve road safety.', 'Active', '2025-02-28', NULL, 1000000007, 'Tamil Nadu', 'Tiruchirappalli', 2025),
  ('PR0017', 'E-Government Services Rollout', 'Implementation', 'Implement online government service portals to improve civic engagement and accessibility.', 'Active', '2025-03-12', NULL, 1000000008, 'Karnataka', 'Bengaluru', 2025),
  ('PR0018', 'Tourism Infrastructure Development', 'Research', 'Invest in improving tourism infrastructure, including smart connectivity and amenities.', 'On Hold', '2025-02-22', NULL, 1000000009, 'Maharashtra', 'Mumbai', 2025),
  ('PR0019', 'Smart City Data Hub', 'Development', 'Establish an integrated data hub to support smart city applications and urban analytics.', 'Completed', '2025-03-05', '2025-04-05', 1000000009, 'Maharashtra', 'Nashik', 2025);

-- Transaction
INSERT INTO "Transaction" (TransactionID, SellerRegNo, BuyerRegNo, TDate, CreditsTraded) 
VALUES 
('T00001', 1000000001, 1000000002, '2020-01-10', 100.00),
('T00002', 1000000003, 1000000004, '2020-03-15', 150.50),
('T00003', 1000000005, 1000000006, '2020-06-20', 220.00),
('T00004', 1000000007, 1000000008, '2020-10-05', 310.25),
('T00005', 1000000009, 1000000010, '2021-01-12', 95.75), 
('T00006', 1000000011, 1000000012, '2021-04-08', 180.40),
('T00007', 1000000013, 1000000014, '2021-07-30', 250.00),
('T00008', 1000000015, 1000000016, '2021-10-22', 300.10),
('T00009', 1000000017, 1000000018, '2022-01-05', 80.00), 
('T00010', 1000000019, 1000000020, '2022-03-18', 140.90),
('T00011', 1000000021, 1000000022, '2022-06-10', 275.00),
('T00012', 1000000023, 1000000024, '2022-09-25', 320.00),
('T00013', 1000000025, 1000000026, '2022-12-12', 410.25),
('T00014', 1000000027, 1000000028, '2023-02-28', 190.00),
('T00015', 1000000029, 1000000030, '2023-05-14', 165.00),
('T00016', 1000000031, 1000000032, '2023-08-09', 250.60),
('T00017', 1000000033, 1000000034, '2023-10-23', 330.00),
('T00018', 1000000035, 1000000036, '2024-01-15', 125.75),
('T00019', 1000000037, 1000000038, '2024-03-08', 270.00),
('T00020', 1000000039, 1000000040, '2024-06-11', 220.90),
('T00021', 1000000002, 1000000003, '2024-09-05', 190.10),
('T00022', 1000000004, 1000000005, '2024-11-30', 130.00),
('T00023', 1000000006, 1000000007, '2025-01-01', 275.25),
('T00024', 1000000008, 1000000009, '2025-02-14', 340.00),
('T00025', 1000000010, 1000000011, '2025-04-03', 185.55),
('T00026', 1000000012, 1000000013, '2025-05-19', 210.00),
('T00027', 1000000014, 1000000015, '2020-02-01', 290.30),
('T00028', 1000000016, 1000000017, '2020-07-07', 115.00),
('T00029', 1000000018, 1000000019, '2020-12-10', 360.60),
('T00030', 1000000020, 1000000021, '2021-03-09', 405.00),
('T00031', 1000000022, 1000000023, '2021-06-25', 240.00),
('T00032', 1000000024, 1000000025, '2021-08-18', 195.50),
('T00033', 1000000026, 1000000027, '2021-11-30', 125.25),
('T00034', 1000000028, 1000000029, '2022-02-11', 305.00),
('T00035', 1000000030, 1000000031, '2022-05-06', 260.10),
('T00036', 1000000032, 1000000033, '2022-08-14', 355.25),
('T00037', 1000000034, 1000000035, '2022-11-27', 415.00),
('T00038', 1000000036, 1000000037, '2023-03-16', 100.00),
('T00039', 1000000038, 1000000039, '2023-06-30', 275.00),
('T00040', 1000000040, 1000000001, '2023-09-19', 185.45),
('T000041', 1000000003, 1000000010, '2020-02-17', 145.75),
('T00042', 1000000012, 1000000014, '2020-06-01', 215.00),
('T00043', 1000000017, 1000000019, '2020-11-20', 340.45),
('T00044', 1000000025, 1000000028, '2021-01-29', 129.00),
('T00045', 1000000031, 1000000033, '2021-03-15', 285.30),
('T00046', 1000000006, 1000000015, '2021-06-19', 312.75),
('T00047', 1000000023, 1000000026, '2021-08-11', 195.00),
('T00048', 1000000036, 1000000040, '2021-10-03', 155.99),
('T00049', 1000000007, 1000000009, '2022-01-13', 225.50),
('T00050', 1000000018, 1000000020, '2022-04-25', 178.40),
('T00051', 1000000030, 1000000032, '2022-07-09', 209.00),
('T00052', 1000000038, 1000000039, '2022-09-18', 305.75),
('T00053', 1000000004, 1000000005, '2022-12-01', 125.00),
('T00054', 1000000011, 1000000013, '2023-02-07', 275.35),
('T00055', 1000000027, 1000000029, '2023-05-13', 180.60),
('T00056', 1000000035, 1000000037, '2023-07-26', 398.00),
('T00057', 1000000008, 1000000016, '2023-10-10', 140.20),
('T00058', 1000000022, 1000000024, '2024-01-03', 210.10),
('T00059', 1000000034, 1000000036, '2024-03-15', 260.99),
('T00060', 1000000002, 1000000003, '2024-05-22', 345.50),
('T00061', 1000000010, 1000000012, '2024-08-14', 150.00),
('T00062', 1000000021, 1000000023, '2024-11-28', 245.80),
('T00063', 1000000033, 1000000035, '2025-01-18', 190.45),
('T00064', 1000000040, 1000000001, '2025-03-03', 275.00),
('T00065', 1000000019, 1000000025, '2025-05-11', 320.70),
('T00066', 1000000031, 1000000017, '2025-06-21', 130.00),
('T00067', 1000000026, 1000000038, '2025-08-07', 360.10),
('T00068', 1000000014, 1000000020, '2025-10-12', 290.90),
('T00069', 1000000039, 1000000015, '2025-11-17', 115.25),
('T00070', 1000000037, 1000000027, '2025-12-31', 398.99);


--POCEmail
INSERT INTO POCEmail (POCEmail, POCID) VALUES
('aarav.mehta@example.com', 'Pc0001'),
('ishita.verma@example.com', 'Pc0002'),
('rohan.singh@example.com', 'Pc0003'),
('sanya.kapoor@example.com', 'Pc0004'),
('karan.desai@example.com', 'Pc0005'),
('neha.sharma@example.com', 'Pc0006'),
('arjun.nair@example.com', 'Pc0007'),
('priya.menon@example.com', 'Pc0008'),
('dev.chauhan@example.com', 'Pc0009'),
('sneha.iyer@example.com', 'Pc0010'),
('rahul.mishra@example.com', 'Pc0011'),
('meera.dutta@example.com', 'Pc0012'),
('kabir.joshi@example.com', 'Pc0013'),
('tanya.rao@example.com', 'Pc0014'),
('virat.kapoor@example.com', 'Pc0015'),
('pooja.shetty@example.com', 'Pc0016'),
('yash.malhotra@example.com', 'Pc0017'),
('rhea.sen@example.com', 'Pc0018'),
('nikhil.jain@example.com', 'Pc0019'),
('diya.bhatt@example.com', 'Pc0020'),
('siddharth.bose@example.com', 'Pc0021'),
('ananya.pillai@example.com', 'Pc0022'),
('jayant.khurana@example.com', 'Pc0023'),
('swara.nair@example.com', 'Pc0024'),
('ayaan.kulkarni@example.com', 'Pc0025'),
('myra.singh@example.com', 'Pc0026'),
('manav.goel@example.com', 'Pc0027'),
('naina.bansal@example.com', 'Pc0028'),
('ishan.raj@example.com', 'Pc0029'),
('ritika.jain@example.com', 'Pc0030'),
('parth.bhagat@example.com', 'Pc0031'),
('kritika.sinha@example.com', 'Pc0032'),
('aditya.roy@example.com', 'Pc0033'),
('lavanya.gupta@example.com', 'Pc0034'),
('amitabh.das@example.com', 'Pc0035'),
('shruti.rao@example.com', 'Pc0036'),
('deepak.anand@example.com', 'Pc0037'),
('meenal.kaur@example.com', 'Pc0038'),
('rajeev.ranjan@example.com', 'Pc0039'),
('sunita.chauhan@example.com', 'Pc0040'),
('aarav.personal@example.com', 'Pc0001'),
('rohan.work@example.com', 'Pc0003'),
('neha.office@example.com', 'Pc0006'),
('priya.alt@example.com', 'Pc0008'),
('rahul.backup@example.com', 'Pc0011'),
('kabir.alt@example.com', 'Pc0013'),
('virat.personal@example.com', 'Pc0015'),
('yash.alt@example.com', 'Pc0017'),
('ananya.work@example.com', 'Pc0022'),
('yash2M@example.com', 'Pc0017');

--Gfgs
INSERT INTO GreenhouseGases (GasName, CO2e, ChemicalFormula) VALUES
('Carbon Dioxide', 1.00, 'CO2'),
('Methane', 25.00, 'CH4'),
('Nitrous Oxide', 298.00, 'N2O'),
('HFC-23', 12000.00, 'CHF3'),
('HFC-134a', 1430.00, 'CF3CH2F'),
('HFC-152a', 124.00, 'CH3CHF2'),
('Tetrafluoromethane', 6500.00, 'CF4'),
('Hexafluoroethane', 12000.00, 'C2F6'),
('Sulfur Hexafluoride', 23900.00, 'SF6'),
('Nitrogen Trifluoride', 1630.00, 'NF3'),
('CFC-11', 4650.00, 'CCl3F'),
('CFC-12', 10200.00, 'CCl2F2'),
('HFO-1234yf', 4.00, 'CF3CH=CHF'),
('HCFC-22', 1800.00, 'CHClF2'),
('HFC-125', 3500.00, 'CHF2CF3'),
('HFC-143a', 4470.00, 'CHFCF3'),
('HFC-236fa', 11500.00, 'CF3CF2CF3');

--CompanyType
INSERT INTO CompanyType (CompanyType, IndustryType) VALUES
('Thermal Power Plant', 'Energy Industry'),
('Hydroelectric Power Station', 'Energy Industry'),
('Solar Energy Plant', 'Energy Industry'),
('Wind Energy Company', 'Energy Industry'),
('Biomass Power Generator', 'Energy Industry'),
('Coal Mining Company', 'Energy Industry'),
('Commercial Airline', 'Transportation Industry'),
('Railway Freight Service', 'Transportation Industry'),
('Public Bus Transport', 'Transportation Industry'),
('Shipping & Marine Logistics', 'Transportation Industry'),
('Logistics & Delivery Fleet Company', 'Transportation Industry'),
('Taxi Aggregator Services', 'Transportation Industry'),
('Steel Manufacturing Unit', 'Manufacturing Industry'),
('Cement Factory', 'Manufacturing Industry'),
('Fertilizer Production Plant', 'Manufacturing Industry'),
('Chemical Industry', 'Manufacturing Industry'),
('Textile Manufacturing Unit', 'Manufacturing Industry'),
('Glass or Brick Kiln Industry', 'Manufacturing Industry'),
('Paddy Field Cultivation', 'Agriculture Industry'),
('Cattle & Livestock Farming', 'Agriculture Industry'),
('Poultry Farms', 'Agriculture Industry'),
('Fertilizer Distributors', 'Agriculture Industry'),
('Agrochemical Producers', 'Agriculture Industry'),
('Industrial Irrigation Systems', 'Agriculture Industry'),
('Solid Waste Treatment Plant', 'Waste Management Industry'),
('Sewage Treatment Facilities', 'Waste Management Industry'),
('Landfill Operators', 'Waste Management Industry'),
('Incineration Plants', 'Waste Management Industry'),
('Biogas Plants', 'Waste Management Industry'),
('Composting Units', 'Waste Management Industry'),
('Commercial Timber Logging Company', 'Forestry & Land Use'),
('Reforestation/Plantation Projects', 'Forestry & Land Use'),
('Afforestation NGOs', 'Forestry & Land Use'),
('REDD+ Project Operators', 'Forestry & Land Use'),
('Forest Conservation Authorities', 'Forestry & Land Use'),
('Real Estate Developers', 'Construction & Real Estate'),
('Infrastructure Builders (Bridges/Roads)', 'Construction & Real Estate'),
('Cement Block Manufacturing', 'Construction & Real Estate'),
('Residential High-rise Builders', 'Construction & Real Estate'),
('Smart City Construction Projects', 'Construction & Real Estate'),
('Oil Refineries', 'Oil, Gas & Petrochemicals'),
('Natural Gas Extraction', 'Oil, Gas & Petrochemicals'),
('LPG/CNG Distributors', 'Oil, Gas & Petrochemicals'),
('Petrochemical Manufacturers', 'Oil, Gas & Petrochemicals'),
('Crude Oil Processing Units', 'Oil, Gas & Petrochemicals'),
('Cloud Data Centers', 'Technology & Data Centers'),
('IT Infrastructure Companies', 'Technology & Data Centers'),
('Electronics Assembly Units', 'Technology & Data Centers'),
('Semiconductor Fabrication Plants', 'Technology & Data Centers'),
('Iron Ore Mining Company', 'Mining & Extractives'),
('Bauxite Extraction Site', 'Mining & Extractives'),
('Uranium Mining Operations', 'Mining & Extractives'),
('Limestone Quarry Units', 'Mining & Extractives');

-- CompanyTypeGasMapping
INSERT INTO CompanyTypeGasMapping (GasName, CompanyType) VALUES
('Carbon Dioxide', 'Thermal Power Plant'),
('Sulfur Hexafluoride', 'Thermal Power Plant'),
('Carbon Dioxide', 'Hydroelectric Power Station'),
('Methane', 'Hydroelectric Power Station'),
('Carbon Dioxide', 'Solar Energy Plant'),
('Nitrogen Trifluoride', 'Solar Energy Plant'),
('Carbon Dioxide', 'Wind Energy Company'),
('Carbon Dioxide', 'Biomass Power Generator'),
('Methane', 'Biomass Power Generator'),
('Carbon Dioxide', 'Coal Mining Company'),
('Methane', 'Coal Mining Company'),
('Carbon Dioxide', 'Commercial Airline'),
('HFC-134a', 'Commercial Airline'),
('HFO-1234yf', 'Commercial Airline'),
('HFC-125', 'Commercial Airline'),
('HFC-152a', 'Commercial Airline'),
('CFC-12', 'Commercial Airline'),
('Carbon Dioxide', 'Railway Freight Service'),
('Carbon Dioxide', 'Public Bus Transport'),
('HFC-134a', 'Public Bus Transport'),
('HFC-152a', 'Public Bus Transport'),
('CFC-11', 'Public Bus Transport'),
('HFC-143a', 'Public Bus Transport'),
('Carbon Dioxide', 'Shipping & Marine Logistics'),
('Carbon Dioxide', 'Logistics & Delivery Fleet Company'),
('Carbon Dioxide', 'Taxi Aggregator Services'),
('HFO-1234yf', 'Taxi Aggregator Services'),
('Carbon Dioxide', 'Steel Manufacturing Unit'),
('Carbon Dioxide', 'Cement Factory'),
('Carbon Dioxide', 'Fertilizer Production Plant'),
('Nitrous Oxide', 'Fertilizer Production Plant'),
('Carbon Dioxide', 'Chemical Industry'),
('HFC-23', 'Chemical Industry'),
('HCFC-22', 'Chemical Industry'),
('Carbon Dioxide', 'Textile Manufacturing Unit'),
('Carbon Dioxide', 'Glass or Brick Kiln Industry'),
('Methane', 'Paddy Field Cultivation'),
('Nitrous Oxide', 'Paddy Field Cultivation'),
('Methane', 'Cattle & Livestock Farming'),
('Carbon Dioxide', 'Poultry Farms'),
('Methane', 'Poultry Farms'),
('Carbon Dioxide', 'Fertilizer Distributors'),
('Carbon Dioxide', 'Agrochemical Producers'),
('Carbon Dioxide', 'Industrial Irrigation Systems'),
('Methane', 'Solid Waste Treatment Plant'),
('Carbon Dioxide', 'Solid Waste Treatment Plant'),
('Methane', 'Sewage Treatment Facilities'),
('Carbon Dioxide', 'Sewage Treatment Facilities'),
('Methane', 'Landfill Operators'),
('Carbon Dioxide', 'Landfill Operators'),
('Carbon Dioxide', 'Incineration Plants'),
('Nitrous Oxide', 'Incineration Plants'),
('Methane', 'Biogas Plants'),
('Carbon Dioxide', 'Biogas Plants'),
('Carbon Dioxide', 'Composting Units'),
('Carbon Dioxide', 'Commercial Timber Logging Company'),
('Carbon Dioxide', 'Real Estate Developers'),
('Carbon Dioxide', 'Infrastructure Builders (Bridges/Roads)'),
('Carbon Dioxide', 'Cement Block Manufacturing'),
('Carbon Dioxide', 'Residential High-rise Builders'),
('Carbon Dioxide', 'Smart City Construction Projects'),
('HFC-236fa', 'Smart City Construction Projects'),
('Carbon Dioxide', 'Oil Refineries'),
('Carbon Dioxide', 'Natural Gas Extraction'),
('Methane', 'Natural Gas Extraction'),
('Carbon Dioxide', 'LPG/CNG Distributors'),
('Carbon Dioxide', 'Petrochemical Manufacturers'),
('Carbon Dioxide', 'Crude Oil Processing Units'),
('Carbon Dioxide', 'Cloud Data Centers'),
('HFC-134a', 'Cloud Data Centers'),
('HFC-152a', 'Cloud Data Centers'),
('Carbon Dioxide', 'IT Infrastructure Companies'),
('HFC-134a', 'IT Infrastructure Companies'),
('HFC-152a', 'IT Infrastructure Companies'),
('Carbon Dioxide', 'Electronics Assembly Units'),
('Nitrogen Trifluoride', 'Electronics Assembly Units'),
('Carbon Dioxide', 'Semiconductor Fabrication Plants'),
('Tetrafluoromethane', 'Semiconductor Fabrication Plants'),
('Hexafluoroethane', 'Semiconductor Fabrication Plants'),
('Carbon Dioxide', 'Iron Ore Mining Company'),
('Carbon Dioxide', 'Bauxite Extraction Site'),
('Carbon Dioxide', 'Uranium Mining Operations'),
('Carbon Dioxide', 'Limestone Quarry Units');

INSERT INTO CompanyEmission (EmissionYear, RegNo, GasName, CompanyType, EquivalentTonnes) values
(2016, 1000000001, 'Carbon Dioxide', 'Commercial Airline', 5000.00),
(2016, 1000000001, 'HFC-134a','Commercial Airline', 100.00),
(2016, 1000000001, 'HFO-1234yf','Commercial Airline', 25.00),
(2016, 1000000001, 'HFC-125', 'Commercial Airline', 30.00),
(2016, 1000000001, 'HFC-152a', 'Commercial Airline', 30.00),
(2016, 1000000001, 'CFC-12',            'Commercial Airline', 3.00),
(2017, 1000000001, 'Carbon Dioxide', 'Commercial Airline', 5100.00),
(2017, 1000000001, 'HFC-134a',         'Commercial Airline', 105.00),
(2017, 1000000001, 'HFO-1234yf',        'Commercial Airline', 26.00),
(2017, 1000000001, 'HFC-125',           'Commercial Airline', 31.00),
(2017, 1000000001, 'HFC-152a',          'Commercial Airline', 31.00),
(2017, 1000000001, 'CFC-12',            'Commercial Airline', 3.10),
(2018, 1000000001, 'Carbon Dioxide', 'Commercial Airline', 5200.00),
(2018, 1000000001, 'HFC-134a',         'Commercial Airline', 110.00),
(2018, 1000000001, 'HFO-1234yf',        'Commercial Airline', 27.00),
(2018, 1000000001, 'HFC-125',           'Commercial Airline', 32.00),
(2018, 1000000001, 'HFC-152a',          'Commercial Airline', 32.00),
(2018, 1000000001, 'CFC-12',            'Commercial Airline', 3.20),
(2019, 1000000001, 'Carbon Dioxide', 'Commercial Airline', 5300.00),
(2019, 1000000001, 'HFC-134a',         'Commercial Airline', 115.00),
(2019, 1000000001, 'HFO-1234yf',        'Commercial Airline', 28.00),
(2019, 1000000001, 'HFC-125',           'Commercial Airline', 33.00),
(2019, 1000000001, 'HFC-152a',          'Commercial Airline', 33.00),
(2019, 1000000001, 'CFC-12',            'Commercial Airline', 3.30),
(2020, 1000000001, 'Carbon Dioxide', 'Commercial Airline', 5400.00),
(2020, 1000000001, 'HFC-134a',         'Commercial Airline', 120.00),
(2020, 1000000001, 'HFO-1234yf',        'Commercial Airline', 29.00),
(2020, 1000000001, 'HFC-125',           'Commercial Airline', 34.00),
(2020, 1000000001, 'HFC-152a',          'Commercial Airline', 34.00),
(2020, 1000000001, 'CFC-12',            'Commercial Airline', 3.40),
(2021, 1000000001, 'Carbon Dioxide', 'Commercial Airline', 5500.00),
(2021, 1000000001, 'HFC-134a',         'Commercial Airline', 125.00),
(2021, 1000000001, 'HFO-1234yf',        'Commercial Airline', 30.00),
(2021, 1000000001, 'HFC-125',           'Commercial Airline', 35.00),
(2021, 1000000001, 'HFC-152a',          'Commercial Airline', 35.00),
(2021, 1000000001, 'CFC-12',            'Commercial Airline', 3.50),
(2022, 1000000001, 'Carbon Dioxide', 'Commercial Airline', 5600.00),
(2022, 1000000001, 'HFC-134a',         'Commercial Airline', 130.00),
(2022, 1000000001, 'HFO-1234yf',        'Commercial Airline', 31.00),
(2022, 1000000001, 'HFC-125',           'Commercial Airline', 36.00),
(2022, 1000000001, 'HFC-152a',          'Commercial Airline', 36.00),
(2022, 1000000001, 'CFC-12',            'Commercial Airline', 3.60),
(2023, 1000000001, 'Carbon Dioxide', 'Commercial Airline', 5700.00),
(2023, 1000000001, 'HFC-134a',         'Commercial Airline', 135.00),
(2023, 1000000001, 'HFO-1234yf',        'Commercial Airline', 32.00),
(2023, 1000000001, 'HFC-125',           'Commercial Airline', 37.00),
(2023, 1000000001, 'HFC-152a',          'Commercial Airline', 37.00),
(2023, 1000000001, 'CFC-12',            'Commercial Airline', 3.70),
(2024, 1000000001, 'Carbon Dioxide', 'Commercial Airline', 5800.00),
(2024, 1000000001, 'HFC-134a',         'Commercial Airline', 140.00),
(2024, 1000000001, 'HFO-1234yf',        'Commercial Airline', 33.00),
(2024, 1000000001, 'HFC-125',           'Commercial Airline', 38.00),
(2024, 1000000001, 'HFC-152a',          'Commercial Airline', 38.00),
(2024, 1000000001, 'CFC-12',            'Commercial Airline', 3.80),
(2025, 1000000001, 'Carbon Dioxide', 'Commercial Airline', 5900.00),
(2025, 1000000001, 'HFC-134a',         'Commercial Airline', 145.00),
(2025, 1000000001, 'HFO-1234yf',        'Commercial Airline', 34.00),
(2025, 1000000001, 'HFC-125',           'Commercial Airline', 39.00),
(2025, 1000000001, 'HFC-152a',          'Commercial Airline', 39.00),
(2025, 1000000001, 'CFC-12',            'Commercial Airline', 3.90);


begin;
INSERT INTO CompanyEmission (EmissionYear, RegNo, GasName, CompanyType, EquivalentTonnes) values
(2016, 1000000002, 'Carbon Dioxide', 'Cloud Data Centers', 5000.00),
(2016, 1000000002, 'HFC-134a',         'Cloud Data Centers', 100.00),
(2016, 1000000002, 'HFC-152a',         'Cloud Data Centers', 30.00),
(2017, 1000000002, 'Carbon Dioxide', 'Cloud Data Centers', 5100.00),
(2017, 1000000002, 'HFC-134a',         'Cloud Data Centers', 105.00),
(2017, 1000000002, 'HFC-152a',         'Cloud Data Centers', 31.00),
(2018, 1000000002, 'Carbon Dioxide', 'Cloud Data Centers', 5200.00),
(2018, 1000000002, 'HFC-134a',         'Cloud Data Centers', 110.00),
(2018, 1000000002, 'HFC-152a',         'Cloud Data Centers', 32.00),
(2019, 1000000002, 'Carbon Dioxide', 'Cloud Data Centers', 5300.00),
(2019, 1000000002, 'HFC-134a',         'Cloud Data Centers', 115.00),
(2019, 1000000002, 'HFC-152a',         'Cloud Data Centers', 33.00),
(2020, 1000000002, 'Carbon Dioxide', 'Cloud Data Centers', 5400.00),
(2020, 1000000002, 'HFC-134a',         'Cloud Data Centers', 120.00),
(2020, 1000000002, 'HFC-152a',         'Cloud Data Centers', 34.00),
(2021, 1000000002, 'Carbon Dioxide', 'Cloud Data Centers', 5500.00),
(2021, 1000000002, 'HFC-134a',         'Cloud Data Centers', 125.00),
(2021, 1000000002, 'HFC-152a',         'Cloud Data Centers', 35.00),
(2022, 1000000002, 'Carbon Dioxide', 'Cloud Data Centers', 5600.00),
(2022, 1000000002, 'HFC-134a',         'Cloud Data Centers', 130.00),
(2022, 1000000002, 'HFC-152a',         'Cloud Data Centers', 36.00),
(2023, 1000000002, 'Carbon Dioxide', 'Cloud Data Centers', 5700.00),
(2023, 1000000002, 'HFC-134a',         'Cloud Data Centers', 135.00),
(2023, 1000000002, 'HFC-152a',         'Cloud Data Centers', 37.00),
(2024, 1000000002, 'Carbon Dioxide', 'Cloud Data Centers', 5800.00),
(2024, 1000000002, 'HFC-134a',         'Cloud Data Centers', 140.00),
(2024, 1000000002, 'HFC-152a',         'Cloud Data Centers', 38.00),
(2025, 1000000002, 'Carbon Dioxide', 'Cloud Data Centers', 5900.00),
(2025, 1000000002, 'HFC-134a',         'Cloud Data Centers', 145.00),
(2025, 1000000002, 'HFC-152a',         'Cloud Data Centers', 39.00);


INSERT INTO CompanyEmission (EmissionYear, RegNo, GasName, CompanyType, EquivalentTonnes) values
(2016, 1000000003, 'Carbon Dioxide', 'Oil Refineries', 5000.00),
(2017, 1000000003, 'Carbon Dioxide', 'Oil Refineries', 5100.00),
(2018, 1000000003, 'Carbon Dioxide', 'Oil Refineries', 5200.00),
(2019, 1000000003, 'Carbon Dioxide', 'Oil Refineries', 5300.00),
(2020, 1000000003, 'Carbon Dioxide', 'Oil Refineries', 5400.00),
(2021, 1000000003, 'Carbon Dioxide', 'Oil Refineries', 5500.00),
(2022, 1000000003, 'Carbon Dioxide', 'Oil Refineries', 5600.00),
(2023, 1000000003, 'Carbon Dioxide', 'Oil Refineries', 5700.00),
(2024, 1000000003, 'Carbon Dioxide', 'Oil Refineries', 5800.00),
(2025, 1000000003, 'Carbon Dioxide', 'Oil Refineries', 5900.00);


INSERT INTO CompanyEmission (EmissionYear, RegNo, GasName, CompanyType, EquivalentTonnes) values
(2016, 1000000005, 'Carbon Dioxide', 'Infrastructure Builders (Bridges/Roads)', 5000.00),
(2017, 1000000005, 'Carbon Dioxide', 'Infrastructure Builders (Bridges/Roads)', 5100.00),
(2018, 1000000005, 'Carbon Dioxide', 'Infrastructure Builders (Bridges/Roads)', 5200.00),
(2019, 1000000005, 'Carbon Dioxide', 'Infrastructure Builders (Bridges/Roads)', 5300.00),
(2020, 1000000005, 'Carbon Dioxide', 'Infrastructure Builders (Bridges/Roads)', 5400.00),
(2021, 1000000005, 'Carbon Dioxide', 'Infrastructure Builders (Bridges/Roads)', 5500.00),
(2022, 1000000005, 'Carbon Dioxide', 'Infrastructure Builders (Bridges/Roads)', 5600.00),
(2023, 1000000005, 'Carbon Dioxide', 'Infrastructure Builders (Bridges/Roads)', 5700.00),
(2024, 1000000005, 'Carbon Dioxide', 'Infrastructure Builders (Bridges/Roads)', 5800.00),
(2025, 1000000005, 'Carbon Dioxide', 'Infrastructure Builders (Bridges/Roads)', 5900.00);


INSERT INTO CompanyEmission (EmissionYear, RegNo, GasName, CompanyType, EquivalentTonnes) values
(2016, 1000000006, 'Carbon Dioxide', 'Bauxite Extraction Site', 5000.00),
(2017, 1000000006, 'Carbon Dioxide', 'Bauxite Extraction Site', 5100.00),
(2018, 1000000006, 'Carbon Dioxide', 'Bauxite Extraction Site', 5200.00),
(2019, 1000000006, 'Carbon Dioxide', 'Bauxite Extraction Site', 5300.00),
(2020, 1000000006, 'Carbon Dioxide', 'Bauxite Extraction Site', 5400.00),
(2021, 1000000006, 'Carbon Dioxide', 'Bauxite Extraction Site', 5500.00),
(2022, 1000000006, 'Carbon Dioxide', 'Bauxite Extraction Site', 5600.00),
(2023, 1000000006, 'Carbon Dioxide', 'Bauxite Extraction Site', 5700.00),(2024, 1000000006, 'Carbon Dioxide', 'Bauxite Extraction Site', 5800.00),
(2025, 1000000006, 'Carbon Dioxide', 'Bauxite Extraction Site', 5900.00);

INSERT INTO CompanyEmission (EmissionYear, RegNo, GasName, CompanyType, EquivalentTonnes) values
(2016, 1000000007, 'Carbon Dioxide', 'Agrochemical Producers', 5000.00),
(2017, 1000000007, 'Carbon Dioxide', 'Agrochemical Producers', 5100.00),
(2018, 1000000007, 'Carbon Dioxide', 'Agrochemical Producers', 5200.00),
(2019, 1000000007, 'Carbon Dioxide', 'Agrochemical Producers', 5300.00),
(2020, 1000000007, 'Carbon Dioxide', 'Agrochemical Producers', 5400.00),
(2021, 1000000007, 'Carbon Dioxide', 'Agrochemical Producers', 5500.00),
(2022, 1000000007, 'Carbon Dioxide', 'Agrochemical Producers', 5600.00),
(2023, 1000000007, 'Carbon Dioxide', 'Agrochemical Producers', 5700.00),
(2024, 1000000007, 'Carbon Dioxide', 'Agrochemical Producers', 5800.00),
(2025, 1000000007, 'Carbon Dioxide', 'Agrochemical Producers', 5900.00);

INSERT INTO CompanyEmission (EmissionYear, RegNo, GasName, CompanyType, EquivalentTonnes) values
(2016, 1000000008, 'Carbon Dioxide', 'Hydroelectric Power Station', 5000.00),
(2016, 1000000008, 'Methane',        'Hydroelectric Power Station', 200.00),
(2017, 1000000008, 'Carbon Dioxide', 'Hydroelectric Power Station', 5100.00),
(2017, 1000000008, 'Methane',        'Hydroelectric Power Station', 210.00),
(2018, 1000000008, 'Carbon Dioxide', 'Hydroelectric Power Station', 5200.00),
(2018, 1000000008, 'Methane',        'Hydroelectric Power Station', 220.00),
(2019, 1000000008, 'Carbon Dioxide', 'Hydroelectric Power Station', 5300.00),
(2019, 1000000008, 'Methane',        'Hydroelectric Power Station', 230.00),
(2020, 1000000008, 'Carbon Dioxide', 'Hydroelectric Power Station', 5400.00),
(2020, 1000000008, 'Methane',        'Hydroelectric Power Station', 240.00),
(2021, 1000000008, 'Carbon Dioxide', 'Hydroelectric Power Station', 5500.00),
(2021, 1000000008, 'Methane',        'Hydroelectric Power Station', 250.00),
(2022, 1000000008, 'Carbon Dioxide', 'Hydroelectric Power Station', 5600.00),
(2022, 1000000008, 'Methane',        'Hydroelectric Power Station', 260.00),
(2023, 1000000008, 'Carbon Dioxide', 'Hydroelectric Power Station', 5700.00),
(2023, 1000000008, 'Methane',        'Hydroelectric Power Station', 270.00),
(2024, 1000000008, 'Carbon Dioxide', 'Hydroelectric Power Station', 5800.00),
(2024, 1000000008, 'Methane',        'Hydroelectric Power Station', 280.00),
(2025, 1000000008, 'Carbon Dioxide', 'Hydroelectric Power Station', 5900.00),
(2025, 1000000008, 'Methane',        'Hydroelectric Power Station', 290.00);

INSERT INTO CompanyEmission (EmissionYear, RegNo, GasName, CompanyType, EquivalentTonnes) values
(2016, 1000000009, 'Methane',        'Solid Waste Treatment Plant', 200.00),
(2016, 1000000009, 'Carbon Dioxide', 'Solid Waste Treatment Plant', 5000.00),
(2017, 1000000009, 'Methane',        'Solid Waste Treatment Plant', 210.00),
(2017, 1000000009, 'Carbon Dioxide', 'Solid Waste Treatment Plant', 5100.00),
(2018, 1000000009, 'Methane',        'Solid Waste Treatment Plant', 220.00),
(2018, 1000000009, 'Carbon Dioxide', 'Solid Waste Treatment Plant', 5200.00),
(2019, 1000000009, 'Methane',        'Solid Waste Treatment Plant', 230.00),
(2019, 1000000009, 'Carbon Dioxide', 'Solid Waste Treatment Plant', 5300.00),
(2020, 1000000009, 'Methane',        'Solid Waste Treatment Plant', 240.00),
(2020, 1000000009, 'Carbon Dioxide', 'Solid Waste Treatment Plant', 5400.00),
(2021, 1000000009, 'Methane',        'Solid Waste Treatment Plant', 250.00),
(2021, 1000000009, 'Carbon Dioxide', 'Solid Waste Treatment Plant', 5500.00),
(2022, 1000000009, 'Methane',        'Solid Waste Treatment Plant', 260.00),
(2022, 1000000009, 'Carbon Dioxide', 'Solid Waste Treatment Plant', 5600.00),
(2023, 1000000009, 'Methane',        'Solid Waste Treatment Plant', 270.00),
(2023, 1000000009, 'Carbon Dioxide', 'Solid Waste Treatment Plant', 5700.00),
(2024, 1000000009, 'Methane',        'Solid Waste Treatment Plant', 280.00),
(2024, 1000000009, 'Carbon Dioxide', 'Solid Waste Treatment Plant', 5800.00),
(2025, 1000000009, 'Methane',        'Solid Waste Treatment Plant', 290.00),
(2025, 1000000009, 'Carbon Dioxide', 'Solid Waste Treatment Plant', 5900.00);

INSERT INTO CompanyEmission (EmissionYear, RegNo, GasName, CompanyType, EquivalentTonnes) values
(2016, 1000000010, 'Carbon Dioxide', 'Steel Manufacturing Unit', 5000.00),
(2017, 1000000010, 'Carbon Dioxide', 'Steel Manufacturing Unit', 5100.00),
(2018, 1000000010, 'Carbon Dioxide', 'Steel Manufacturing Unit', 5200.00),
(2019, 1000000010, 'Carbon Dioxide', 'Steel Manufacturing Unit', 5300.00),
(2020, 1000000010, 'Carbon Dioxide', 'Steel Manufacturing Unit', 5400.00),
(2021, 1000000010, 'Carbon Dioxide', 'Steel Manufacturing Unit', 5500.00),
(2022, 1000000010, 'Carbon Dioxide', 'Steel Manufacturing Unit', 5600.00),
(2023, 1000000010, 'Carbon Dioxide', 'Steel Manufacturing Unit', 5700.00),
(2024, 1000000010, 'Carbon Dioxide', 'Steel Manufacturing Unit', 5800.00),
(2025, 1000000010, 'Carbon Dioxide', 'Steel Manufacturing Unit', 5900.00);

INSERT INTO CompanyEmission (EmissionYear, RegNo, GasName, CompanyType, EquivalentTonnes) values
(2016, 1000000011, 'Carbon Dioxide', 'Logistics & Delivery Fleet Company', 5000.00),
(2017, 1000000011, 'Carbon Dioxide', 'Logistics & Delivery Fleet Company', 5100.00),
(2018, 1000000011, 'Carbon Dioxide', 'Logistics & Delivery Fleet Company', 5200.00),
(2019, 1000000011, 'Carbon Dioxide', 'Logistics & Delivery Fleet Company', 5300.00),
(2020, 1000000011, 'Carbon Dioxide', 'Logistics & Delivery Fleet Company', 5400.00),
(2021, 1000000011, 'Carbon Dioxide', 'Logistics & Delivery Fleet Company', 5500.00),
(2022, 1000000011, 'Carbon Dioxide', 'Logistics & Delivery Fleet Company', 5600.00),
(2023, 1000000011, 'Carbon Dioxide', 'Logistics & Delivery Fleet Company', 5700.00),
(2024, 1000000011, 'Carbon Dioxide', 'Logistics & Delivery Fleet Company', 5800.00),
(2025, 1000000011, 'Carbon Dioxide', 'Logistics & Delivery Fleet Company', 5900.00);

INSERT INTO CompanyEmission (EmissionYear, RegNo, GasName, CompanyType, EquivalentTonnes) values
(2016, 1000000012, 'Carbon Dioxide', 'Semiconductor Fabrication Plants', 5000.00),
(2016, 1000000012, 'Tetrafluoromethane', 'Semiconductor Fabrication Plants', 2.00),
(2016, 1000000012, 'Hexafluoroethane', 'Semiconductor Fabrication Plants', 2.00),
(2017, 1000000012, 'Carbon Dioxide', 'Semiconductor Fabrication Plants', 5100.00),
(2017, 1000000012, 'Tetrafluoromethane', 'Semiconductor Fabrication Plants', 2.10),
(2017, 1000000012, 'Hexafluoroethane', 'Semiconductor Fabrication Plants', 2.10),
(2018, 1000000012, 'Carbon Dioxide', 'Semiconductor Fabrication Plants', 5200.00),
(2018, 1000000012, 'Tetrafluoromethane', 'Semiconductor Fabrication Plants', 2.20),
(2018, 1000000012, 'Hexafluoroethane', 'Semiconductor Fabrication Plants', 2.20),
(2019, 1000000012, 'Carbon Dioxide', 'Semiconductor Fabrication Plants', 5300.00),
(2019, 1000000012, 'Tetrafluoromethane', 'Semiconductor Fabrication Plants', 2.30),
(2019, 1000000012, 'Hexafluoroethane', 'Semiconductor Fabrication Plants', 2.30),
(2020, 1000000012, 'Carbon Dioxide', 'Semiconductor Fabrication Plants', 5400.00),
(2020, 1000000012, 'Tetrafluoromethane', 'Semiconductor Fabrication Plants', 2.40),
(2020, 1000000012, 'Hexafluoroethane', 'Semiconductor Fabrication Plants', 2.40),
(2021, 1000000012, 'Carbon Dioxide', 'Semiconductor Fabrication Plants', 5500.00),
(2021, 1000000012, 'Tetrafluoromethane', 'Semiconductor Fabrication Plants', 2.50),
(2021, 1000000012, 'Hexafluoroethane', 'Semiconductor Fabrication Plants', 2.50),
(2022, 1000000012, 'Carbon Dioxide', 'Semiconductor Fabrication Plants', 5600.00),
(2022, 1000000012, 'Tetrafluoromethane', 'Semiconductor Fabrication Plants', 2.60),
(2022, 1000000012, 'Hexafluoroethane', 'Semiconductor Fabrication Plants', 2.60),
(2023, 1000000012, 'Carbon Dioxide', 'Semiconductor Fabrication Plants', 5700.00),
(2023, 1000000012, 'Tetrafluoromethane', 'Semiconductor Fabrication Plants', 2.70),
(2023, 1000000012, 'Hexafluoroethane', 'Semiconductor Fabrication Plants', 2.70),
(2024, 1000000012, 'Carbon Dioxide', 'Semiconductor Fabrication Plants', 5800.00),
(2024, 1000000012, 'Tetrafluoromethane', 'Semiconductor Fabrication Plants', 2.80),
(2024, 1000000012, 'Hexafluoroethane', 'Semiconductor Fabrication Plants', 2.80),
(2025, 1000000012, 'Carbon Dioxide', 'Semiconductor Fabrication Plants', 5900.00),
(2025, 1000000012, 'Tetrafluoromethane', 'Semiconductor Fabrication Plants', 2.90),
(2025, 1000000012, 'Hexafluoroethane', 'Semiconductor Fabrication Plants', 2.90);

INSERT INTO CompanyEmission (EmissionYear, RegNo, GasName, CompanyType, EquivalentTonnes) values
(2016, 1000000015, 'Carbon Dioxide', 'Real Estate Developers', 5000.00),
(2017, 1000000015, 'Carbon Dioxide', 'Real Estate Developers', 5100.00),
(2018, 1000000015, 'Carbon Dioxide', 'Real Estate Developers', 5200.00),
(2019, 1000000015, 'Carbon Dioxide', 'Real Estate Developers', 5300.00),
(2020, 1000000015, 'Carbon Dioxide', 'Real Estate Developers', 5400.00),
(2021, 1000000015, 'Carbon Dioxide', 'Real Estate Developers', 5500.00),
(2022, 1000000015, 'Carbon Dioxide', 'Real Estate Developers', 5600.00),
(2023, 1000000015, 'Carbon Dioxide', 'Real Estate Developers', 5700.00),
(2024, 1000000015, 'Carbon Dioxide', 'Real Estate Developers', 5800.00),
(2025, 1000000015, 'Carbon Dioxide', 'Real Estate Developers', 5900.00),

(2016, 1000000016, 'Carbon Dioxide', 'Iron Ore Mining Company', 5000.00),
(2017, 1000000016, 'Carbon Dioxide', 'Iron Ore Mining Company', 5100.00),
(2018, 1000000016, 'Carbon Dioxide', 'Iron Ore Mining Company', 5200.00),
(2019, 1000000016, 'Carbon Dioxide', 'Iron Ore Mining Company', 5300.00),
(2020, 1000000016, 'Carbon Dioxide', 'Iron Ore Mining Company', 5400.00),
(2021, 1000000016, 'Carbon Dioxide', 'Iron Ore Mining Company', 5500.00),
(2022, 1000000016, 'Carbon Dioxide', 'Iron Ore Mining Company', 5600.00),
(2023, 1000000016, 'Carbon Dioxide', 'Iron Ore Mining Company', 5700.00),
(2024, 1000000016, 'Carbon Dioxide', 'Iron Ore Mining Company', 5800.00),
(2025, 1000000016, 'Carbon Dioxide', 'Iron Ore Mining Company', 5900.00),

(2016, 1000000017, 'Carbon Dioxide', 'Industrial Irrigation Systems', 5000.00),
(2017, 1000000017, 'Carbon Dioxide', 'Industrial Irrigation Systems', 5100.00),
(2018, 1000000017, 'Carbon Dioxide', 'Industrial Irrigation Systems', 5200.00),
(2019, 1000000017, 'Carbon Dioxide', 'Industrial Irrigation Systems', 5300.00),
(2020, 1000000017, 'Carbon Dioxide', 'Industrial Irrigation Systems', 5400.00),
(2021, 1000000017, 'Carbon Dioxide', 'Industrial Irrigation Systems', 5500.00),
(2022, 1000000017, 'Carbon Dioxide', 'Industrial Irrigation Systems', 5600.00),
(2023, 1000000017, 'Carbon Dioxide', 'Industrial Irrigation Systems', 5700.00),
(2024, 1000000017, 'Carbon Dioxide', 'Industrial Irrigation Systems', 5800.00),
(2025, 1000000017, 'Carbon Dioxide', 'Industrial Irrigation Systems', 5900.00),

(2016, 1000000018, 'Carbon Dioxide', 'Solar Energy Plant', 5000.00),
(2016, 1000000018, 'Nitrogen Trifluoride', 'Solar Energy Plant', 2.00),
(2017, 1000000018, 'Carbon Dioxide', 'Solar Energy Plant', 5100.00),
(2017, 1000000018, 'Nitrogen Trifluoride', 'Solar Energy Plant', 2.10),
(2018, 1000000018, 'Carbon Dioxide', 'Solar Energy Plant', 5200.00),
(2018, 1000000018, 'Nitrogen Trifluoride', 'Solar Energy Plant', 2.20),
(2019, 1000000018, 'Carbon Dioxide', 'Solar Energy Plant', 5300.00),
(2019, 1000000018, 'Nitrogen Trifluoride', 'Solar Energy Plant', 2.30),
(2020, 1000000018, 'Carbon Dioxide', 'Solar Energy Plant', 5400.00),
(2020, 1000000018, 'Nitrogen Trifluoride', 'Solar Energy Plant', 2.40),
(2021, 1000000018, 'Carbon Dioxide', 'Solar Energy Plant', 5500.00),
(2021, 1000000018, 'Nitrogen Trifluoride', 'Solar Energy Plant', 2.50),
(2022, 1000000018, 'Carbon Dioxide', 'Solar Energy Plant', 5600.00),
(2022, 1000000018, 'Nitrogen Trifluoride', 'Solar Energy Plant', 2.60),
(2023, 1000000018, 'Carbon Dioxide', 'Solar Energy Plant', 5700.00),
(2023, 1000000018, 'Nitrogen Trifluoride', 'Solar Energy Plant', 2.70),
(2024, 1000000018, 'Carbon Dioxide', 'Solar Energy Plant', 5800.00),
(2024, 1000000018, 'Nitrogen Trifluoride', 'Solar Energy Plant', 2.80),
(2025, 1000000018, 'Carbon Dioxide', 'Solar Energy Plant', 5900.00),
(2025, 1000000018, 'Nitrogen Trifluoride', 'Solar Energy Plant', 2.90),

(2016, 1000000019, 'Methane',        'Biogas Plants', 200.00),
(2016, 1000000019, 'Carbon Dioxide', 'Biogas Plants', 5000.00),
(2017, 1000000019, 'Methane',        'Biogas Plants', 210.00),
(2017, 1000000019, 'Carbon Dioxide', 'Biogas Plants', 5100.00),
(2018, 1000000019, 'Methane',        'Biogas Plants', 220.00),
(2018, 1000000019, 'Carbon Dioxide', 'Biogas Plants', 5200.00),
(2019, 1000000019, 'Methane',        'Biogas Plants', 230.00),
(2019, 1000000019, 'Carbon Dioxide', 'Biogas Plants', 5300.00),
(2020, 1000000019, 'Methane',        'Biogas Plants', 240.00),
(2020, 1000000019, 'Carbon Dioxide', 'Biogas Plants', 5400.00),
(2021, 1000000019, 'Methane',        'Biogas Plants', 250.00),
(2021, 1000000019, 'Carbon Dioxide', 'Biogas Plants', 5500.00),
(2022, 1000000019, 'Methane',        'Biogas Plants', 260.00),
(2022, 1000000019, 'Carbon Dioxide', 'Biogas Plants', 5600.00),
(2023, 1000000019, 'Methane',        'Biogas Plants', 270.00),
(2023, 1000000019, 'Carbon Dioxide', 'Biogas Plants', 5700.00),
(2024, 1000000019, 'Methane',        'Biogas Plants', 280.00),
(2024, 1000000019, 'Carbon Dioxide', 'Biogas Plants', 5800.00),
(2025, 1000000019, 'Methane',        'Biogas Plants', 290.00),
(2025, 1000000019, 'Carbon Dioxide', 'Biogas Plants', 5900.00);


INSERT INTO CompanyEmission (EmissionYear, RegNo, GasName, CompanyType, EquivalentTonnes) values
(2016, 1000000020, 'Carbon Dioxide', 'Chemical Industry', 5000.00),
(2016, 1000000020, 'HFC-23',        'Chemical Industry', 50.00),
(2016, 1000000020, 'HCFC-22',       'Chemical Industry', 50.00),
(2017, 1000000020, 'Carbon Dioxide', 'Chemical Industry', 5100.00),
(2017, 1000000020, 'HFC-23',        'Chemical Industry', 52.00),
(2017, 1000000020, 'HCFC-22',       'Chemical Industry', 52.00),
(2018, 1000000020, 'Carbon Dioxide', 'Chemical Industry', 5200.00),
(2018, 1000000020, 'HFC-23',        'Chemical Industry', 54.00),
(2018, 1000000020, 'HCFC-22',       'Chemical Industry', 54.00),
(2019, 1000000020, 'Carbon Dioxide', 'Chemical Industry', 5300.00),
(2019, 1000000020, 'HFC-23',        'Chemical Industry', 56.00),
(2019, 1000000020, 'HCFC-22',       'Chemical Industry', 56.00),
(2020, 1000000020, 'Carbon Dioxide', 'Chemical Industry', 5400.00),
(2020, 1000000020, 'HFC-23',        'Chemical Industry', 58.00),
(2020, 1000000020, 'HCFC-22',       'Chemical Industry', 58.00),
(2021, 1000000020, 'Carbon Dioxide', 'Chemical Industry', 5500.00),
(2021, 1000000020, 'HFC-23',        'Chemical Industry', 60.00),
(2021, 1000000020, 'HCFC-22',       'Chemical Industry', 60.00),
(2022, 1000000020, 'Carbon Dioxide', 'Chemical Industry', 5600.00),
(2022, 1000000020, 'HFC-23',        'Chemical Industry', 62.00),
(2022, 1000000020, 'HCFC-22',       'Chemical Industry', 62.00),
(2023, 1000000020, 'Carbon Dioxide', 'Chemical Industry', 5700.00),
(2023, 1000000020, 'HFC-23',        'Chemical Industry', 64.00),
(2023, 1000000020, 'HCFC-22',       'Chemical Industry', 64.00),
(2024, 1000000020, 'Carbon Dioxide', 'Chemical Industry', 5800.00),
(2024, 1000000020, 'HFC-23',        'Chemical Industry', 66.00),
(2024, 1000000020, 'HCFC-22',       'Chemical Industry', 66.00),
(2025, 1000000020, 'Carbon Dioxide', 'Chemical Industry', 5900.00),
(2025, 1000000020, 'HFC-23',        'Chemical Industry', 68.00),
(2025, 1000000020, 'HCFC-22',       'Chemical Industry', 68.00);

INSERT INTO CompanyEmission (EmissionYear, RegNo, GasName, CompanyType, EquivalentTonnes) values
(2016, 1000000021, 'Carbon Dioxide', 'Shipping & Marine Logistics', 5000.00),
(2017, 1000000021, 'Carbon Dioxide', 'Shipping & Marine Logistics', 5100.00),
(2018, 1000000021, 'Carbon Dioxide', 'Shipping & Marine Logistics', 5200.00),
(2019, 1000000021, 'Carbon Dioxide', 'Shipping & Marine Logistics', 5300.00),
(2020, 1000000021, 'Carbon Dioxide', 'Shipping & Marine Logistics', 5400.00),
(2021, 1000000021, 'Carbon Dioxide', 'Shipping & Marine Logistics', 5500.00),
(2022, 1000000021, 'Carbon Dioxide', 'Shipping & Marine Logistics', 5600.00),
(2023, 1000000021, 'Carbon Dioxide', 'Shipping & Marine Logistics', 5700.00),
(2024, 1000000021, 'Carbon Dioxide', 'Shipping & Marine Logistics', 5800.00),
(2025, 1000000021, 'Carbon Dioxide', 'Shipping & Marine Logistics', 5900.00);


INSERT INTO CompanyEmission (EmissionYear, RegNo, GasName, CompanyType, EquivalentTonnes) values
(2016, 1000000022, 'Carbon Dioxide', 'Electronics Assembly Units', 5000.00),
(2016, 1000000022, 'Nitrogen Trifluoride', 'Electronics Assembly Units', 2.00),
(2017, 1000000022, 'Carbon Dioxide', 'Electronics Assembly Units', 5100.00),
(2017, 1000000022, 'Nitrogen Trifluoride', 'Electronics Assembly Units', 2.10),
(2018, 1000000022, 'Carbon Dioxide', 'Electronics Assembly Units', 5200.00),
(2018, 1000000022, 'Nitrogen Trifluoride', 'Electronics Assembly Units', 2.20),
(2019, 1000000022, 'Carbon Dioxide', 'Electronics Assembly Units', 5300.00),
(2019, 1000000022, 'Nitrogen Trifluoride', 'Electronics Assembly Units', 2.30),
(2020, 1000000022, 'Carbon Dioxide', 'Electronics Assembly Units', 5400.00),
(2020, 1000000022, 'Nitrogen Trifluoride', 'Electronics Assembly Units', 2.40),
(2021, 1000000022, 'Carbon Dioxide', 'Electronics Assembly Units', 5500.00),
(2021, 1000000022, 'Nitrogen Trifluoride', 'Electronics Assembly Units', 2.50),
(2022, 1000000022, 'Carbon Dioxide', 'Electronics Assembly Units', 5600.00),
(2022, 1000000022, 'Nitrogen Trifluoride', 'Electronics Assembly Units', 2.60),
(2023, 1000000022, 'Carbon Dioxide', 'Electronics Assembly Units', 5700.00),
(2023, 1000000022, 'Nitrogen Trifluoride', 'Electronics Assembly Units', 2.70),
(2024, 1000000022, 'Carbon Dioxide', 'Electronics Assembly Units', 5800.00),
(2024, 1000000022, 'Nitrogen Trifluoride', 'Electronics Assembly Units', 2.80),
(2025, 1000000022, 'Carbon Dioxide', 'Electronics Assembly Units', 5900.00),
(2025, 1000000022, 'Nitrogen Trifluoride', 'Electronics Assembly Units', 2.90),

(2016, 1000000023, 'Carbon Dioxide', 'Crude Oil Processing Units', 5000.00),
(2017, 1000000023, 'Carbon Dioxide', 'Crude Oil Processing Units', 5100.00),
(2018, 1000000023, 'Carbon Dioxide', 'Crude Oil Processing Units', 5200.00),
(2019, 1000000023, 'Carbon Dioxide', 'Crude Oil Processing Units', 5300.00),
(2020, 1000000023, 'Carbon Dioxide', 'Crude Oil Processing Units', 5400.00),
(2021, 1000000023, 'Carbon Dioxide', 'Crude Oil Processing Units', 5500.00),
(2022, 1000000023, 'Carbon Dioxide', 'Crude Oil Processing Units', 5600.00),
(2023, 1000000023, 'Carbon Dioxide', 'Crude Oil Processing Units', 5700.00),
(2024, 1000000023, 'Carbon Dioxide', 'Crude Oil Processing Units', 5800.00),
(2025, 1000000023, 'Carbon Dioxide', 'Crude Oil Processing Units', 5900.00),

(2016, 1000000024, 'Carbon Dioxide', 'Commercial Timber Logging Company', 5000.00),
(2017, 1000000024, 'Carbon Dioxide', 'Commercial Timber Logging Company', 5100.00),
(2018, 1000000024, 'Carbon Dioxide', 'Commercial Timber Logging Company', 5200.00),
(2019, 1000000024, 'Carbon Dioxide', 'Commercial Timber Logging Company', 5300.00),
(2020, 1000000024, 'Carbon Dioxide', 'Commercial Timber Logging Company', 5400.00),
(2021, 1000000024, 'Carbon Dioxide', 'Commercial Timber Logging Company', 5500.00),
(2022, 1000000024, 'Carbon Dioxide', 'Commercial Timber Logging Company', 5600.00),
(2023, 1000000024, 'Carbon Dioxide', 'Commercial Timber Logging Company', 5700.00),
(2024, 1000000024, 'Carbon Dioxide', 'Commercial Timber Logging Company', 5800.00),
(2025, 1000000024, 'Carbon Dioxide', 'Commercial Timber Logging Company', 5900.00),

(2016, 1000000025, 'Carbon Dioxide', 'Smart City Construction Projects', 5000.00),
(2016, 1000000025, 'HFC-236fa', 'Smart City Construction Projects', 25.00),
(2017, 1000000025, 'Carbon Dioxide', 'Smart City Construction Projects', 5100.00),
(2017, 1000000025, 'HFC-236fa', 'Smart City Construction Projects', 26.00),
(2018, 1000000025, 'Carbon Dioxide', 'Smart City Construction Projects', 5200.00),
(2018, 1000000025, 'HFC-236fa', 'Smart City Construction Projects', 27.00),
(2019, 1000000025, 'Carbon Dioxide', 'Smart City Construction Projects', 5300.00),
(2019, 1000000025, 'HFC-236fa', 'Smart City Construction Projects', 28.00),
(2020, 1000000025, 'Carbon Dioxide', 'Smart City Construction Projects', 5400.00),
(2020, 1000000025, 'HFC-236fa', 'Smart City Construction Projects', 29.00),
(2021, 1000000025, 'Carbon Dioxide', 'Smart City Construction Projects', 5500.00),
(2021, 1000000025, 'HFC-236fa', 'Smart City Construction Projects', 30.00),
(2022, 1000000025, 'Carbon Dioxide', 'Smart City Construction Projects', 5600.00),
(2022, 1000000025, 'HFC-236fa', 'Smart City Construction Projects', 31.00),
(2023, 1000000025, 'Carbon Dioxide', 'Smart City Construction Projects', 5700.00),
(2023, 1000000025, 'HFC-236fa', 'Smart City Construction Projects', 32.00),
(2024, 1000000025, 'Carbon Dioxide', 'Smart City Construction Projects', 5800.00),
(2024, 1000000025, 'HFC-236fa', 'Smart City Construction Projects', 33.00),
(2025, 1000000025, 'Carbon Dioxide', 'Smart City Construction Projects', 5900.00),
(2025, 1000000025, 'HFC-236fa', 'Smart City Construction Projects', 34.00),

(2016, 1000000026, 'Carbon Dioxide', 'Uranium Mining Operations', 5000.00),
(2017, 1000000026, 'Carbon Dioxide', 'Uranium Mining Operations', 5100.00),
(2018, 1000000026, 'Carbon Dioxide', 'Uranium Mining Operations', 5200.00),
(2019, 1000000026, 'Carbon Dioxide', 'Uranium Mining Operations', 5300.00),
(2020, 1000000026, 'Carbon Dioxide', 'Uranium Mining Operations', 5400.00),
(2021, 1000000026, 'Carbon Dioxide', 'Uranium Mining Operations', 5500.00),
(2022, 1000000026, 'Carbon Dioxide', 'Uranium Mining Operations', 5600.00),
(2023, 1000000026, 'Carbon Dioxide', 'Uranium Mining Operations', 5700.00),
(2024, 1000000026, 'Carbon Dioxide', 'Uranium Mining Operations', 5800.00),
(2025, 1000000026, 'Carbon Dioxide', 'Uranium Mining Operations', 5900.00);

INSERT INTO CompanyEmission (EmissionYear, RegNo, GasName, CompanyType, EquivalentTonnes) values
(2016, 1000000027, 'Carbon Dioxide', 'Poultry Farms', 5000.00),
(2016, 1000000027, 'Methane',        'Poultry Farms', 200.00),
(2017, 1000000027, 'Carbon Dioxide', 'Poultry Farms', 5100.00),
(2017, 1000000027, 'Methane',        'Poultry Farms', 210.00),
(2018, 1000000027, 'Carbon Dioxide', 'Poultry Farms', 5200.00),
(2018, 1000000027, 'Methane',        'Poultry Farms', 220.00),
(2019, 1000000027, 'Carbon Dioxide', 'Poultry Farms', 5300.00),
(2019, 1000000027, 'Methane',        'Poultry Farms', 230.00),
(2020, 1000000027, 'Carbon Dioxide', 'Poultry Farms', 5400.00),
(2020, 1000000027, 'Methane',        'Poultry Farms', 240.00),
(2021, 1000000027, 'Carbon Dioxide', 'Poultry Farms', 5500.00),
(2021, 1000000027, 'Methane',        'Poultry Farms', 250.00),
(2022, 1000000027, 'Carbon Dioxide', 'Poultry Farms', 5600.00),
(2022, 1000000027, 'Methane',        'Poultry Farms', 260.00),
(2023, 1000000027, 'Carbon Dioxide', 'Poultry Farms', 5700.00),
(2023, 1000000027, 'Methane',        'Poultry Farms', 270.00),
(2024, 1000000027, 'Carbon Dioxide', 'Poultry Farms', 5800.00),
(2024, 1000000027, 'Methane',        'Poultry Farms', 280.00),
(2025, 1000000027, 'Carbon Dioxide', 'Poultry Farms', 5900.00),
(2025, 1000000027, 'Methane',        'Poultry Farms', 290.00);

INSERT INTO CompanyEmission (EmissionYear, RegNo, GasName, CompanyType, EquivalentTonnes) values
(2016, 1000000028, 'Carbon Dioxide', 'Wind Energy Company', 5000.00),
(2017, 1000000028, 'Carbon Dioxide', 'Wind Energy Company', 5100.00),
(2018, 1000000028, 'Carbon Dioxide', 'Wind Energy Company', 5200.00),
(2019, 1000000028, 'Carbon Dioxide', 'Wind Energy Company', 5300.00),
(2020, 1000000028, 'Carbon Dioxide', 'Wind Energy Company', 5400.00),
(2021, 1000000028, 'Carbon Dioxide', 'Wind Energy Company', 5500.00),
(2022, 1000000028, 'Carbon Dioxide', 'Wind Energy Company', 5600.00),
(2023, 1000000028, 'Carbon Dioxide', 'Wind Energy Company', 5700.00),
(2024, 1000000028, 'Carbon Dioxide', 'Wind Energy Company', 5800.00),
(2025, 1000000028, 'Carbon Dioxide', 'Wind Energy Company', 5900.00);

INSERT INTO CompanyEmission (EmissionYear, RegNo, GasName, CompanyType, EquivalentTonnes) values
(2016, 1000000029, 'Carbon Dioxide', 'Composting Units', 5000.00),
(2017, 1000000029, 'Carbon Dioxide', 'Composting Units', 5100.00),
(2018, 1000000029, 'Carbon Dioxide', 'Composting Units', 5200.00),
(2019, 1000000029, 'Carbon Dioxide', 'Composting Units', 5300.00),
(2020, 1000000029, 'Carbon Dioxide', 'Composting Units', 5400.00),
(2021, 1000000029, 'Carbon Dioxide', 'Composting Units', 5500.00),
(2022, 1000000029, 'Carbon Dioxide', 'Composting Units', 5600.00),
(2023, 1000000029, 'Carbon Dioxide', 'Composting Units', 5700.00),
(2024, 1000000029, 'Carbon Dioxide', 'Composting Units', 5800.00),
(2025, 1000000029, 'Carbon Dioxide', 'Composting Units', 5900.00);

INSERT INTO CompanyEmission (EmissionYear, RegNo, GasName, CompanyType, EquivalentTonnes) values
(2016, 1000000030, 'Carbon Dioxide', 'Textile Manufacturing Unit', 5000.00),
(2017, 1000000030, 'Carbon Dioxide', 'Textile Manufacturing Unit', 5100.00),
(2018, 1000000030, 'Carbon Dioxide', 'Textile Manufacturing Unit', 5200.00),
(2019, 1000000030, 'Carbon Dioxide', 'Textile Manufacturing Unit', 5300.00),
(2020, 1000000030, 'Carbon Dioxide', 'Textile Manufacturing Unit', 5400.00),
(2021, 1000000030, 'Carbon Dioxide', 'Textile Manufacturing Unit', 5500.00),
(2022, 1000000030, 'Carbon Dioxide', 'Textile Manufacturing Unit', 5600.00),
(2023, 1000000030, 'Carbon Dioxide', 'Textile Manufacturing Unit', 5700.00),
(2024, 1000000030, 'Carbon Dioxide', 'Textile Manufacturing Unit', 5800.00),
(2025, 1000000030, 'Carbon Dioxide', 'Textile Manufacturing Unit', 5900.00);

INSERT INTO CompanyEmission (EmissionYear, RegNo, GasName, CompanyType, EquivalentTonnes) values
(2016, 1000000031, 'Carbon Dioxide', 'Railway Freight Service', 5000.00),
(2017, 1000000031, 'Carbon Dioxide', 'Railway Freight Service', 5100.00),
(2018, 1000000031, 'Carbon Dioxide', 'Railway Freight Service', 5200.00),
(2019, 1000000031, 'Carbon Dioxide', 'Railway Freight Service', 5300.00),
(2020, 1000000031, 'Carbon Dioxide', 'Railway Freight Service', 5400.00),
(2021, 1000000031, 'Carbon Dioxide', 'Railway Freight Service', 5500.00),
(2022, 1000000031, 'Carbon Dioxide', 'Railway Freight Service', 5600.00),
(2023, 1000000031, 'Carbon Dioxide', 'Railway Freight Service', 5700.00),
(2024, 1000000031, 'Carbon Dioxide', 'Railway Freight Service', 5800.00),
(2025, 1000000031, 'Carbon Dioxide', 'Railway Freight Service', 5900.00);


INSERT INTO CompanyEmission (EmissionYear, RegNo, GasName, CompanyType, EquivalentTonnes) values
(2016, 1000000032, 'Carbon Dioxide', 'IT Infrastructure Companies', 5000.00),
(2016, 1000000032, 'HFC-134a', 'IT Infrastructure Companies', 100.00),
(2016, 1000000032, 'HFC-152a', 'IT Infrastructure Companies', 30.00),
(2017, 1000000032, 'Carbon Dioxide', 'IT Infrastructure Companies', 5100.00),
(2017, 1000000032, 'HFC-134a', 'IT Infrastructure Companies', 105.00),
(2017, 1000000032, 'HFC-152a', 'IT Infrastructure Companies', 31.00),
(2018, 1000000032, 'Carbon Dioxide', 'IT Infrastructure Companies', 5200.00),
(2018, 1000000032, 'HFC-134a', 'IT Infrastructure Companies', 110.00),
(2018, 1000000032, 'HFC-152a', 'IT Infrastructure Companies', 32.00),
(2019, 1000000032, 'Carbon Dioxide', 'IT Infrastructure Companies', 5300.00),
(2019, 1000000032, 'HFC-134a', 'IT Infrastructure Companies', 115.00),
(2019, 1000000032, 'HFC-152a', 'IT Infrastructure Companies', 33.00),
(2020, 1000000032, 'Carbon Dioxide', 'IT Infrastructure Companies', 5400.00),
(2020, 1000000032, 'HFC-134a', 'IT Infrastructure Companies', 120.00),
(2020, 1000000032, 'HFC-152a', 'IT Infrastructure Companies', 34.00),
(2021, 1000000032, 'Carbon Dioxide', 'IT Infrastructure Companies', 5500.00),
(2021, 1000000032, 'HFC-134a', 'IT Infrastructure Companies', 125.00),
(2021, 1000000032, 'HFC-152a', 'IT Infrastructure Companies', 35.00),
(2022, 1000000032, 'Carbon Dioxide', 'IT Infrastructure Companies', 5600.00),
(2022, 1000000032, 'HFC-134a', 'IT Infrastructure Companies', 130.00),
(2022, 1000000032, 'HFC-152a', 'IT Infrastructure Companies', 36.00),
(2023, 1000000032, 'Carbon Dioxide', 'IT Infrastructure Companies', 5700.00),
(2023, 1000000032, 'HFC-134a', 'IT Infrastructure Companies', 135.00),
(2023, 1000000032, 'HFC-152a', 'IT Infrastructure Companies', 37.00),
(2024, 1000000032, 'Carbon Dioxide', 'IT Infrastructure Companies', 5800.00),
(2024, 1000000032, 'HFC-134a', 'IT Infrastructure Companies', 140.00),
(2024, 1000000032, 'HFC-152a', 'IT Infrastructure Companies', 38.00),
(2025, 1000000032, 'Carbon Dioxide', 'IT Infrastructure Companies', 5900.00),
(2025, 1000000032, 'HFC-134a', 'IT Infrastructure Companies', 145.00),
(2025, 1000000032, 'HFC-152a', 'IT Infrastructure Companies', 39.00),
(2016, 1000000033, 'Carbon Dioxide', 'Petrochemical Manufacturers', 5000.00),
(2017, 1000000033, 'Carbon Dioxide', 'Petrochemical Manufacturers', 5100.00),
(2018, 1000000033, 'Carbon Dioxide', 'Petrochemical Manufacturers', 5200.00),
(2019, 1000000033, 'Carbon Dioxide', 'Petrochemical Manufacturers', 5300.00),
(2020, 1000000033, 'Carbon Dioxide', 'Petrochemical Manufacturers', 5400.00),
(2021, 1000000033, 'Carbon Dioxide', 'Petrochemical Manufacturers', 5500.00),
(2022, 1000000033, 'Carbon Dioxide', 'Petrochemical Manufacturers', 5600.00),
(2023, 1000000033, 'Carbon Dioxide', 'Petrochemical Manufacturers', 5700.00),
(2024, 1000000033, 'Carbon Dioxide', 'Petrochemical Manufacturers', 5800.00),
(2025, 1000000033, 'Carbon Dioxide', 'Petrochemical Manufacturers', 5900.00),
(2016, 1000000035, 'Carbon Dioxide', 'Cement Block Manufacturing', 5000.00),
(2017, 1000000035, 'Carbon Dioxide', 'Cement Block Manufacturing', 5100.00),
(2018, 1000000035, 'Carbon Dioxide', 'Cement Block Manufacturing', 5200.00),
(2019, 1000000035, 'Carbon Dioxide', 'Cement Block Manufacturing', 5300.00),
(2020, 1000000035, 'Carbon Dioxide', 'Cement Block Manufacturing', 5400.00),
(2021, 1000000035, 'Carbon Dioxide', 'Cement Block Manufacturing', 5500.00),
(2022, 1000000035, 'Carbon Dioxide', 'Cement Block Manufacturing', 5600.00),
(2023, 1000000035, 'Carbon Dioxide', 'Cement Block Manufacturing', 5700.00),
(2024, 1000000035, 'Carbon Dioxide', 'Cement Block Manufacturing', 5800.00),
(2025, 1000000035, 'Carbon Dioxide', 'Cement Block Manufacturing', 5900.00),
(2016, 1000000036, 'Carbon Dioxide', 'Limestone Quarry Units', 5000.00),
(2017, 1000000036, 'Carbon Dioxide', 'Limestone Quarry Units', 5100.00),
(2018, 1000000036, 'Carbon Dioxide', 'Limestone Quarry Units', 5200.00),
(2019, 1000000036, 'Carbon Dioxide', 'Limestone Quarry Units', 5300.00),
(2020, 1000000036, 'Carbon Dioxide', 'Limestone Quarry Units', 5400.00),
(2021, 1000000036, 'Carbon Dioxide', 'Limestone Quarry Units', 5500.00),
(2022, 1000000036, 'Carbon Dioxide', 'Limestone Quarry Units', 5600.00),
(2023, 1000000036, 'Carbon Dioxide', 'Limestone Quarry Units', 5700.00),
(2024, 1000000036, 'Carbon Dioxide', 'Limestone Quarry Units', 5800.00),
(2025, 1000000036, 'Carbon Dioxide', 'Limestone Quarry Units', 5900.00);

INSERT INTO CompanyEmission (EmissionYear, RegNo, GasName, CompanyType, EquivalentTonnes) values
(2016, 1000000037, 'Carbon Dioxide', 'Fertilizer Distributors', 5000.00),
(2017, 1000000037, 'Carbon Dioxide', 'Fertilizer Distributors', 5100.00),
(2018, 1000000037, 'Carbon Dioxide', 'Fertilizer Distributors', 5200.00),
(2019, 1000000037, 'Carbon Dioxide', 'Fertilizer Distributors', 5300.00),
(2020, 1000000037, 'Carbon Dioxide', 'Fertilizer Distributors', 5400.00),
(2021, 1000000037, 'Carbon Dioxide', 'Fertilizer Distributors', 5500.00),
(2022, 1000000037, 'Carbon Dioxide', 'Fertilizer Distributors', 5600.00),
(2023, 1000000037, 'Carbon Dioxide', 'Fertilizer Distributors', 5700.00),
(2024, 1000000037, 'Carbon Dioxide', 'Fertilizer Distributors', 5800.00),
(2025, 1000000037, 'Carbon Dioxide', 'Fertilizer Distributors', 5900.00);

INSERT INTO CompanyEmission (EmissionYear, RegNo, GasName, CompanyType, EquivalentTonnes) values
(2016, 1000000038, 'Carbon Dioxide', 'Biomass Power Generator', 5000.00),
(2016, 1000000038, 'Methane',        'Biomass Power Generator', 200.00),
(2017, 1000000038, 'Carbon Dioxide', 'Biomass Power Generator', 5100.00),
(2017, 1000000038, 'Methane',        'Biomass Power Generator', 210.00),
(2018, 1000000038, 'Carbon Dioxide', 'Biomass Power Generator', 5200.00),
(2018, 1000000038, 'Methane',        'Biomass Power Generator', 220.00),
(2019, 1000000038, 'Carbon Dioxide', 'Biomass Power Generator', 5300.00),
(2019, 1000000038, 'Methane',        'Biomass Power Generator', 230.00),
(2020, 1000000038, 'Carbon Dioxide', 'Biomass Power Generator', 5400.00),
(2020, 1000000038, 'Methane',        'Biomass Power Generator', 240.00),
(2021, 1000000038, 'Carbon Dioxide', 'Biomass Power Generator', 5500.00),
(2021, 1000000038, 'Methane',        'Biomass Power Generator', 250.00),
(2022, 1000000038, 'Carbon Dioxide', 'Biomass Power Generator', 5600.00),
(2022, 1000000038, 'Methane',        'Biomass Power Generator', 260.00),
(2023, 1000000038, 'Carbon Dioxide', 'Biomass Power Generator', 5700.00),
(2023, 1000000038, 'Methane',        'Biomass Power Generator', 270.00),
(2024, 1000000038, 'Carbon Dioxide', 'Biomass Power Generator', 5800.00),
(2024, 1000000038, 'Methane',        'Biomass Power Generator', 280.00),
(2025, 1000000038, 'Carbon Dioxide', 'Biomass Power Generator', 5900.00),
(2025, 1000000038, 'Methane',        'Biomass Power Generator', 290.00);

INSERT INTO CompanyEmission (EmissionYear, RegNo, GasName, CompanyType, EquivalentTonnes) values
(2016, 1000000039, 'Methane',        'Sewage Treatment Facilities', 200.00),
(2016, 1000000039, 'Carbon Dioxide', 'Sewage Treatment Facilities', 5000.00),
(2017, 1000000039, 'Methane',        'Sewage Treatment Facilities', 210.00),
(2017, 1000000039, 'Carbon Dioxide', 'Sewage Treatment Facilities', 5100.00),
(2018, 1000000039, 'Methane',        'Sewage Treatment Facilities', 220.00),
(2018, 1000000039, 'Carbon Dioxide', 'Sewage Treatment Facilities', 5200.00),
(2019, 1000000039, 'Methane',        'Sewage Treatment Facilities', 230.00),
(2019, 1000000039, 'Carbon Dioxide', 'Sewage Treatment Facilities', 5300.00),
(2020, 1000000039, 'Methane',        'Sewage Treatment Facilities', 240.00),
(2020, 1000000039, 'Carbon Dioxide', 'Sewage Treatment Facilities', 5400.00),
(2021, 1000000039, 'Methane',        'Sewage Treatment Facilities', 250.00),
(2021, 1000000039, 'Carbon Dioxide', 'Sewage Treatment Facilities', 5500.00),
(2022, 1000000039, 'Methane',        'Sewage Treatment Facilities', 260.00),
(2022, 1000000039, 'Carbon Dioxide', 'Sewage Treatment Facilities', 5600.00),
(2023, 1000000039, 'Methane',        'Sewage Treatment Facilities', 270.00),
(2023, 1000000039, 'Carbon Dioxide', 'Sewage Treatment Facilities', 5700.00),
(2024, 1000000039, 'Methane',        'Sewage Treatment Facilities', 280.00),
(2024, 1000000039, 'Carbon Dioxide', 'Sewage Treatment Facilities', 5800.00),
(2025, 1000000039, 'Methane',        'Sewage Treatment Facilities', 290.00),
(2025, 1000000039, 'Carbon Dioxide', 'Sewage Treatment Facilities', 5900.00);

INSERT INTO CompanyEmission (EmissionYear, RegNo, GasName, CompanyType, EquivalentTonnes) values
(2016, 1000000040, 'Carbon Dioxide', 'Cement Factory', 5000.00),
(2017, 1000000040, 'Carbon Dioxide', 'Cement Factory', 5100.00),
(2018, 1000000040, 'Carbon Dioxide', 'Cement Factory', 5200.00),
(2019, 1000000040, 'Carbon Dioxide', 'Cement Factory', 5300.00),
(2020, 1000000040, 'Carbon Dioxide', 'Cement Factory', 5400.00),
(2021, 1000000040, 'Carbon Dioxide', 'Cement Factory', 5500.00),
(2022, 1000000040, 'Carbon Dioxide', 'Cement Factory', 5600.00),
(2023, 1000000040, 'Carbon Dioxide', 'Cement Factory', 5700.00),
(2024, 1000000040, 'Carbon Dioxide', 'Cement Factory', 5800.00),
(2025, 1000000040, 'Carbon Dioxide', 'Cement Factory', 5900.00);

COMMIT;

-- Conditions
INSERT INTO Conditions VALUES 
('C00001', 'Reduce CO2 Emissions', 'Lower carbon dioxide emissions below threshold annually.', 'kg', 5000.00, 'Annual emissions report reviewed by regulator.', 'R00001'),
('C00002', 'Switch to Renewable Energy', 'Utilize renewable sources for at least 50% of total energy.', 'percentage', 50.00, 'Utility bill and plant energy audit.', 'R00002'),
('C00003', 'Waste Recycling', 'Recycle at least 75% of non-hazardous waste generated.', 'percentage', 75.00, 'Third-party waste audit.', 'R00003'),
('C00004', 'Water Conservation', 'Reduce water consumption by specified threshold annually.', 'liters', 10000.00, 'Monthly water usage logs.', 'R00004'),
('C00005', 'Low-Emission Vehicles', 'Replace 80% of fleet with electric or hybrid vehicles.', 'percentage', 80.00, 'Fleet records and purchase receipts.', 'R00005'),
('C00006', 'Employee Green Training', 'Train 90% of employees in environmental best practices.', 'percentage', 90.00, 'HR training records.', 'R00006'),
('C00007', 'Air Quality Improvement', 'Reduce particulate matter emissions.', 'g/m3', 35.00, 'Air quality sensors and environmental reports.', 'R00007'),
('C00008', 'Sustainable Packaging', 'Use recyclable or compostable materials in 70% of packaging.', 'percentage', 70.00, 'Packaging supplier verification.', 'R00008'),
('C00009', 'Biodiversity Support', 'Plant at least 1000 trees in local restoration projects.', 'trees', 1000.00, 'Partner NGO verification and planting logs.', 'R00009'),
('C00010', 'Hazardous Waste Management', 'Reduce hazardous waste output by 60%.', 'percentage', 60.00, 'Hazardous material logs and disposal records.', 'R00010'),
('C00011', 'Noise Reduction', 'Maintain noise levels below industry standard threshold.', 'dB', 70.00, 'Periodic noise monitoring data.', 'R00011'),
('C00012', 'Solar Panel Installation', 'Install solar panels covering at least 40% of rooftop.', 'percentage', 40.00, 'Installation certificate and visual audit.', 'R00012'),
('C00013', 'Green Building Certification', 'Achieve LEED Silver certification or equivalent.', NULL, NULL, 'Copy of certification document.', 'R00013'),
('C00014', 'Public Environmental Reporting', 'Publish environmental impact report annually.', NULL, NULL, 'Published report on website.', 'R00014'),
('C00015', 'Carbon Offset Purchase', 'Purchase verified carbon credits for 100% of emissions.', 'percentage', 100.00, 'Offset registry and receipts.', 'R00015'),
('C00016', 'Rainwater Harvesting', 'Install rainwater harvesting system with specified capacity.', 'liters', 20000.00, 'Installation verification and photos.', 'R00016'),
('C00017', 'Green Commuting Incentive', 'Provide green commuting incentives to 80% of staff.', 'percentage', 80.00, 'Payroll and HR benefit data.', 'R00017'),
('C00018', 'Eco-Friendly Product Line', 'Launch at least one certified eco-friendly product.', 'count', 1.00, 'Product certification and sales data.', 'R00018'),
('C00019', 'Soil Remediation', 'Treat and restore contaminated land area.', 'sq meters', 1000.00, 'Environmental restoration report.', 'R00019'),
('C00020', 'LED Lighting Conversion', 'Convert 100% of facility lighting to LED.', 'percentage', 100.00, 'Facility inspection and inventory list.', 'R00020');


-- CompanyConditions
INSERT INTO CompanyConditions (RegNo, ConditionID, "Year") 
VALUES (1000000001, 'C00005', 2005),
(1000000001, 'C00009', 2003),
(1000000002, 'C00015', 2017),
(1000000003, 'C00004', 2009),
(1000000004, 'C00013', 2006),
(1000000005, 'C00008', 2011),
(1000000006, 'C00010', 2001),
(1000000007, 'C00002', 2011),
(1000000008, 'C00012', 2013),
(1000000009, 'C00016', 2017),
(1000000010, 'C00011', 2000),
(1000000011, 'C00005', 2014),
(1000000012, 'C00017', 2012),
(1000000013, 'C00003', 2007),
(1000000014, 'C00007', 2009),
(1000000015, 'C00014', 2019),
(1000000016, 'C00006', 2005),
(1000000017, 'C00002', 2015),
(1000000018, 'C00020', 2020),
(1000000019, 'C00008', 2002),
(1000000020, 'C00004', 2005),
(1000000005, 'C00011', 2010),
(1000000018, 'C00005', 2021),
(1000000023, 'C00014', 2012),
(1000000026, 'C00017', 2003),
(1000000002, 'C00008', 2017),
(1000000030, 'C00010', 2014),
(1000000037, 'C00002', 2006),
(1000000039, 'C00015', 2003),
(1000000020, 'C00007', 2006),
(1000000011, 'C00020', 2015),
(1000000024, 'C00013', 2004),
(1000000034, 'C00011', 2005),
(1000000017, 'C00006', 2016),
(1000000028, 'C00009', 2012),
(1000000033, 'C00004', 2009),
(1000000008, 'C00017', 2014),
(1000000027, 'C00020', 2008),
(1000000036, 'C00005', 2007),
(1000000014, 'C00008', 2008),
(1000000032, 'C00003', 2016),
(1000000021, 'C00007', 2010),
(1000000022, 'C00004', 2018),
(1000000023, 'C00016', 2011),
(1000000024, 'C00012', 2003),
(1000000025, 'C00002', 2021),
(1000000026, 'C00019', 2002),
(1000000027, 'C00003', 2008),
(1000000029, 'C00015', 2006),
(1000000030, 'C00005', 2015);


-- NGos
INSERT INTO NGOs (NGORegNo, NGOProjectID, ProjectTitle, CreditReduced, StartYear, EndYear) VALUES
('N00001', 'NP0001', 'Clean Water in Rural Areas', 785.24, 2016, 2017),
('N00002', 'NP0002', 'Forest Conservation', 601.18, 2016, 2017),
('N00003', 'NP0003', 'Eco-Friendly Housing for Low Income', 712.61, 2016, 2017),
('N00006', 'NP0001', 'Clean Water in Rural Areas', 650.36, 2016, 2017),
('N00008', 'NP0002', 'Forest Conservation', 459.80, 2016, 2017),
('N00004', 'NP0005', 'Solar-Powered Water Pumps', 718.42, 2017, 2018),
('N00006', 'NP0005', 'Solar-Powered Water Pumps', 873.62, 2017, 2018),
('N00007', 'NP0001', 'Clean Water in Rural Areas', 470.03, 2017, 2018),
('N00002', 'NP0005', 'Solar-Powered Water Pumps', 477.26, 2018, 2019),
('N00003', 'NP0002', 'Forest Conservation', 824.11, 2018, 2019),
('N00004', 'NP0004', 'Youth Skill Development', 545.45, 2018, 2019),
('N00008', 'NP0003', 'Eco-Friendly Housing for Low Income', 477.35, 2018, 2019),
('N00001', 'NP0003', 'Eco-Friendly Housing for Low Income', 482.91, 2019, 2020),
('N00003', 'NP0005', 'Solar-Powered Water Pumps', 697.98, 2019, 2020),
('N00005', 'NP0002', 'Forest Conservation', 784.54, 2019, 2020),
('N00007', 'NP0005', 'Solar-Powered Water Pumps', 806.35, 2019, 2020),
('N00006', 'NP0004', 'Youth Skill Development', 743.82, 2020, 2021),
('N00007', 'NP0002', 'Forest Conservation', 512.35, 2020, 2021);

INSERT INTO NGOCollabrations (CreditAllocatedYear, RegNo, NGORegNo, NGOProjectID) VALUES
(2016, 1000000001, 'N00001', 'NP0001'),
(2016, 1000000002, 'N00002', 'NP0002'),
(2016, 1000000003, 'N00003', 'NP0003'),
(2016, 1000000004, 'N00006', 'NP0001'),
(2016, 1000000005, 'N00008', 'NP0002'),
(2017, 1000000006, 'N00004', 'NP0005'),
(2017, 1000000007, 'N00006', 'NP0005'),
(2017, 1000000008, 'N00007', 'NP0001'),
(2018, 1000000009, 'N00002', 'NP0005'),
(2018, 1000000010, 'N00003', 'NP0002'),
(2018, 1000000011, 'N00004', 'NP0004'),
(2018, 1000000012, 'N00008', 'NP0003'),
(2019, 1000000013, 'N00001', 'NP0003'),
(2019, 1000000014, 'N00003', 'NP0005'),
(2019, 1000000015, 'N00005', 'NP0002'),
(2019, 1000000016, 'N00007', 'NP0005'),
(2020, 1000000017, 'N00006', 'NP0004'),
(2020, 1000000018, 'N00007', 'NP0002');
